dalga_boyu_nm,orijinal_intensite,bozuk_2bit_deger,bozuk_hatali,gunes_acisi,sicaklik_c,mesafe_m
200.0,150.43201291606903,1,1.0,32.798710873172006,-20.67517827497438,1.6184384884245218
200.60060060060061,143.95644011478345,1,1.0,32.10084469846825,-20.018732492328105,1.8562252145217897
201.2012012012012,151.68854478068073,1,1.0,30.62240545338999,-20.540867467106203,1.9738808076690724
201.80180180180182,160.31290336715745,1,1.0,29.460818635967534,-19.93068260285187,2.4624341057173926
202.4024024024024,142.61039024620592,1,1.0,32.40265644280221,-21.390668963320124,2.224494302942903
203.00300300300302,142.47825211706865,1,1.0,32.044658407608324,-19.158173392182242,1.8743643942369388
203.6036036036036,160.4778308123185,1,1.0,33.29950214720415,-19.24477387881376,2.2669324054349045
204.20420420420422,152.22451903079076,1,1.0,33.03082768425921,-19.937699546957578,1.8885136830921885
204.8048048048048,139.71828996599191,1,1.0,34.11088824517332,-18.336135953045915,2.4427444045246194
205.40540540540542,149.69989430306708,1,1.0,31.192531544230555,-17.932741148082712,2.160192843062952
206.006006006006,139.49977994753576,1,1.0,35.148919733047926,-20.352979562566013,2.263879471235045
206.60660660660662,139.3347303850211,1,1.0,33.160360993176184,-19.38345139883968,2.5759298210051558
207.2072072072072,146.2681348475257,1,1.0,37.16660432854659,-19.26539413164793,2.0814739005703684
207.80780780780782,124.57061225173774,1,1.0,31.888508438349128,-19.31191797945792,2.0875889361127733
208.4084084084084,126.30756254437075,1,1.0,36.98948394277295,-17.41856072554956,2.2783660012376696
209.00900900900902,137.78562066321203,1,1.0,34.16391102003034,-18.318159605014433,2.6307997659786215
209.6096096096096,133.13037412506222,1,1.0,32.715637506857824,-18.265442989062564,2.1472552503464417
210.21021021021022,146.24978774803452,1,1.0,33.30092694674571,-19.881701502581674,1.9126536637405347
210.8108108108108,133.87414797939277,1,1.0,33.87806024077427,-17.119667883415048,2.4167706892837475
211.41141141141142,128.676876815863,1,1.0,35.616964242250766,-18.871946291936673,2.645223173456112
212.012012012012,157.30038302559427,1,1.0,36.06399218328284,-17.450731825064757,2.8027523100752774
212.61261261261262,140.22857595132632,1,1.0,34.12041154554778,-17.111657957920926,2.4978425519860363
213.2132132132132,143.00253250824642,1,0.0,35.468384334384176,-15.90715986807669,2.535911812811877
213.81381381381382,127.91915383876206,1,,40.050697959942056,-18.455854738378616,2.8766445690864204
214.4144144144144,136.56067335928753,1,,39.4700792127589,-20.0462137891491,2.299525885973633
215.01501501501502,142.95007708540118,1,,37.13623790449037,-16.722989841357617,2.6233199328561554
215.6156156156156,130.1657577868832,1,,36.58794744294017,-14.98695538164771,2.766596334120773
216.21621621621622,145.26601411632345,1,,37.00009546631048,-15.429655699639985,2.845777928412382
216.8168168168168,135.33449172508188,1,1.0,38.234893675535595,-16.34060524677947,2.6813281925980883
217.41741741741743,138.25429658062475,1,1.0,35.209820304509236,-16.92410930148973,2.8174633649925145
218.018018018018,134.98304075340803,1,1.0,36.9879130601868,-15.50812345526019,2.3401231791958925
218.61861861861863,159.35028559450186,1,1.0,34.412461901720725,-17.172148218468504,2.7332778883498956
219.2192192192192,140.518459360108,1,1.0,38.79473365420274,-15.606201703439808,2.98269125251241
219.81981981981983,129.90078826655508,1,1.0,39.53702033587318,-15.461666615993561,2.7225132519694144
220.4204204204204,148.52635804984627,1,1.0,37.52227052270157,-14.79214228144705,2.9576696600444268
221.02102102102103,127.91403682113466,1,1.0,41.882296176365884,-12.97856383736457,3.0620638866136525
221.6216216216216,142.03123458003512,1,1.0,36.52812501949822,-15.232353928252191,2.93090954405462
222.22222222222223,120.16459186601233,1,1.0,36.295885069277965,-16.020971823702876,3.0601531841763205
222.82282282282281,126.29670491265179,1,1.0,39.918152048787135,-15.425530938205883,2.860063639497069
223.42342342342343,141.36303701033995,1,1.0,41.8076840203678,-17.05770881405894,3.0377439329943976
224.02402402402402,146.593546339709,1,1.0,43.3251975615914,-15.872767793068581,3.2274694183485937
224.62462462462463,140.73562620896655,1,1.0,39.28303453027454,-15.47752181911836,3.1630823851019962
225.22522522522522,137.67714148522938,1,1.0,42.60122208334612,-15.483292840021347,3.040542423073199
225.82582582582583,135.63289828627137,1,1.0,40.60948770637943,-14.69861222555815,3.2287497891064807
226.42642642642642,123.66766928673322,1,1.0,40.58347154445699,-15.565964406068993,3.352780925579267
227.02702702702703,131.06205826302818,1,1.0,42.93783520668655,-13.515922900301703,2.825715489016482
227.62762762762762,133.4603965927044,1,1.0,42.71650839978883,-14.53100418014553,3.4932533527988228
228.22822822822823,148.44298053581207,1,1.0,38.49997421705339,-14.435634558522192,3.2198101144507647
228.82882882882882,141.11162426559054,1,1.0,44.846274166138684,-14.650233855565839,3.397667018018759
229.42942942942943,119.84745334336654,1,1.0,44.89334064727997,-14.064051721137314,3.5774095617842736
230.03003003003002,140.51986240218503,1,1.0,41.121517052535694,-13.291962083324316,3.088897499888539
230.63063063063063,133.2281488023,1,1.0,43.40324460989491,-14.882939351801634,3.2464947684163876
231.23123123123122,130.10851180065453,1,1.0,43.838194119931224,-14.573621279133087,3.3557003880739122
231.83183183183183,142.79210033420864,1,1.0,43.60946916595868,-14.119889209614511,3.2815607826415434
232.43243243243245,146.78182243432747,1,1.0,42.22498148199146,-15.06367095051679,3.810072146608265
233.03303303303304,145.58004617101997,1,1.0,42.219288083910904,-14.43968875219038,3.31637353728781
233.63363363363362,127.66946538717872,1,1.0,43.747833209800724,-14.000292057170718,3.4011293114766006
234.23423423423424,132.76294707594005,1,1.0,46.38026007257195,-12.554346966595388,3.577492590179938
234.83483483483485,138.9602344675755,1,1.0,45.357307845758136,-13.071879539174356,3.320424230729519
235.43543543543544,145.1947532976592,1,1.0,43.763619887094464,-13.047610355005665,3.5058184238869017
236.03603603603602,130.43851767798648,1,1.0,46.28241321370668,-12.29813113299422,3.6724045819621827
236.63663663663664,133.16397961170313,1,1.0,39.2755147557006,-13.195313726992174,3.5661580130182347
237.23723723723725,123.74698845503289,1,1.0,47.50312332568807,-12.577488359264272,3.6377235672792207
237.83783783783784,122.63762324596428,1,1.0,41.95855480225695,-12.982298898622242,3.5740579359231117
238.43843843843842,142.51402112976697,1,1.0,44.94488022600962,-12.52596546135452,3.40040419644797
239.03903903903904,147.740117158628,1,1.0,43.66158221410423,-13.287477746389698,3.7908392005775173
239.63963963963965,133.2466296720216,1,1.0,43.54208994791743,-15.05808184195304,4.100575805948268
240.24024024024024,143.7913370487267,1,1.0,48.68299925238687,-12.669257278905786,3.7761824311745613
240.84084084084083,137.16213819222835,1,1.0,45.6551888415925,-11.029124588292072,3.8403100826222905
241.44144144144144,126.88510192576229,1,1.0,47.51218829423,-11.443746254043136,3.956397179814016
242.04204204204206,136.7418204407107,1,1.0,46.95326333713904,-11.323860388421583,3.5864201034906458
242.64264264264264,148.30116642579776,1,1.0,48.22843577497814,-10.97364342235887,4.203058916155651
243.24324324324323,132.357216525602,1,1.0,47.65456420039668,-12.042865455322664,3.925125751171487
243.84384384384384,148.1587421594857,1,1.0,45.160809977387906,-11.857201253469968,4.232967637350974
244.44444444444446,106.11429745305176,1,1.0,49.94450084691277,-12.596419967883914,3.7817562299548197
245.04504504504504,140.33334605918472,1,1.0,47.18891669147247,-12.22036122261961,4.313570153672504
245.64564564564563,132.79106813734128,1,1.0,45.28700969862494,-11.215318478299805,4.126410254614522
246.24624624624624,128.7411429028553,1,1.0,47.76695894982645,-10.55529900179754,4.103233099587313
246.84684684684686,132.4644942813844,1,1.0,51.84698794458934,-11.828027452524065,4.060498548893338
247.44744744744744,111.49270336049806,1,1.0,50.76744546208408,-12.069483277799149,3.984877283829109
248.04804804804803,128.99988262084187,1,1.0,48.59047708326619,-11.550804951585224,4.295397603146117
248.64864864864865,134.6035952882661,1,1.0,48.80928234390852,-10.883501873737773,4.1038885809022485
249.24924924924926,145.65598900176684,1,1.0,49.083772373544214,-12.863286507576666,3.7027432463396717
249.84984984984985,125.54879080896481,1,1.0,54.09900281676134,-13.651693398538589,3.8928739090964593
250.45045045045046,122.5121312470163,1,1.0,50.927053136116086,-11.84349784784031,4.099107705854527
251.05105105105105,125.45758241387354,1,1.0,51.240143305737064,-12.452499673582622,4.218052171238726
251.65165165165166,139.52127662447447,1,1.0,52.65669851769619,-11.680141070401115,4.164318298501212
252.25225225225225,133.56252339177826,1,1.0,51.288966797316185,-11.261391652293913,4.438820136263767
252.85285285285286,124.9025971529371,1,1.0,50.50773781361142,-11.50987627771274,3.8240002220892912
253.45345345345345,135.2774117054682,1,2.0,50.84672430700285,-9.548591960296072,4.261935724966289
254.05405405405406,131.08147558674062,1,1.0,51.30898321066717,-10.620170239571713,3.888421070680742
254.65465465465465,139.78676865276003,1,1.0,51.58965438890792,-10.593728604468817,4.422557715111808
255.25525525525526,123.09545756327081,1,1.0,53.33041410701905,-10.220724570954905,4.270119760226181
255.85585585585585,126.88365177104319,1,1.0,52.189237625737405,-11.93194248725214,4.3911260141277735
256.45645645645646,126.31482816652355,1,1.0,53.75994320489684,-9.705632023362952,4.152414594520851
257.0570570570571,115.71066122202669,1,1.0,52.341665168520315,-10.773606978249418,4.598864389269302
257.65765765765764,133.45427002968623,1,1.0,52.8679138244205,-9.981932816087278,4.568888018926541
258.25825825825825,133.29150214049858,1,1.0,48.92088881661658,-11.680320456842479,4.494613532827432
258.85885885885887,130.9640402988256,1,1.0,54.95568572941979,-12.119757783300253,4.36915116665053
259.4594594594595,128.8466897825869,1,1.0,54.020832840046914,-9.707137874770673,4.527962848159848
260.06006006006004,117.37000555829435,1,0.0,55.527778827751504,-10.109145727070718,4.287334976424762
260.66066066066065,127.70387221015815,1,3.0,47.94221971711743,-11.349639978374642,4.616330556262929
261.26126126126127,128.92937630425246,1,1.0,58.11351286519852,-11.280796134028197,4.791403904186046
261.8618618618619,124.84380014018342,1,1.0,53.85867030622669,-9.250760123218896,4.691699054886466
262.46246246246244,131.83203050469365,1,1.0,56.55434647324371,-11.532191409713782,4.347505152985599
263.06306306306305,138.13650388568163,1,1.0,52.45733751641541,-8.66821921438254,4.58133589035195
263.66366366366367,153.68638822681368,1,1.0,55.96089508677375,-11.181158640125535,4.265827583148421
264.2642642642643,137.38098424942288,1,1.0,52.825735591181356,-9.613329607646275,4.654112733225317
264.8648648648649,139.10830716446512,1,1.0,53.88126197043408,-10.553066086272123,4.644708095772441
265.46546546546546,136.77767313717916,1,1.0,59.15210174480642,-9.595533021695891,4.195349519773605
266.06606606606607,119.42029835720233,1,1.0,55.13691162859778,-10.718658132887915,4.35145271503522
266.6666666666667,139.53009030180445,1,1.0,56.14637013382102,-10.314715375950215,4.541448432004563
267.26726726726724,141.6908204920777,1,1.0,57.64385072687327,-10.089939874072678,4.551939751067217
267.86786786786786,167.1249320734052,1,1.0,57.08626523681684,-11.113544658147115,4.384019314949677
268.4684684684685,142.08809148721747,1,1.0,56.5858932210547,-9.352595668885556,4.7172797333197245
269.0690690690691,148.6658762865469,1,1.0,57.204091598127164,-10.590263889923449,4.703113070814435
269.6696696696697,147.06558707226705,1,1.0,61.46906769777143,-10.290850635285777,4.627062773561364
270.27027027027026,137.61564301595533,1,1.0,56.73401117956894,-11.043372920105853,4.527619274417033
270.8708708708709,162.75128273909257,1,1.0,57.4373970279371,-12.599704551809767,4.9011415531102545
271.4714714714715,160.99705388803451,1,1.0,59.32138844622532,-10.218322368871842,5.034864559255493
272.07207207207205,163.67945323712738,1,,59.6149354852672,-7.6061808580056205,4.619213201978483
272.67267267267266,149.1056407704262,1,,59.960664170251235,-9.227272969829285,4.605392750010701
273.2732732732733,174.79851626983742,1,,59.045692689687264,-10.025799015114586,4.837725514601349
273.8738738738739,149.46492500527572,1,1.0,55.66275266863373,-10.26567208650438,4.679292129438642
274.4744744744745,172.20717486811333,1,1.0,61.39505022782954,-9.978139825185016,4.734187749025942
275.07507507507506,191.24045928209216,1,1.0,56.0138083694228,-9.452893246538816,4.920921169076859
275.6756756756757,162.56907140519624,1,1.0,59.08896234771908,-11.181814097641357,4.401795864388069
276.2762762762763,170.08955571015883,1,1.0,57.15120523927261,-8.889250628708828,5.057756333350096
276.87687687687685,180.16423731243532,1,1.0,58.706412063797416,-9.292343762597962,4.8188120748673215
277.47747747747746,177.68192998966208,1,1.0,59.66600477102285,-9.2952731635275,4.731907851776062
278.0780780780781,170.88858900587033,1,1.0,59.82383807578808,-9.58229711090784,4.80603968574422
278.6786786786787,190.88385991982213,1,1.0,60.19645451953968,-10.010049144519108,4.825801087146591
279.2792792792793,183.49663899650565,1,1.0,62.75036380341085,-9.367275103642136,4.4962514794723045
279.87987987987987,202.88851220755885,2,2.0,60.59917027285233,-9.460368671432768,5.1504029173909815
280.4804804804805,193.09479913970318,1,1.0,59.37177426254078,-10.419844003762918,4.868350143586412
281.0810810810811,222.01950524094627,2,2.0,61.955066546685686,-10.65459742030813,4.957100630307228
281.68168168168165,203.00359349296716,2,2.0,62.57145008028123,-9.995901169826027,5.0669700382887575
282.28228228228227,212.00557135364764,2,2.0,57.90171602844957,-8.567065942170085,4.680331439229317
282.8828828828829,227.81385628763164,2,2.0,61.714953514560804,-11.375085708696755,4.986905420255497
283.4834834834835,211.8724438447615,2,2.0,62.08451327884574,-11.624957201418754,4.846072514494365
284.0840840840841,230.99462813811547,2,2.0,60.247841501229004,-10.015681765788417,5.076086504751747
284.68468468468467,246.35278573899967,2,2.0,63.753962781807296,-10.154119304332818,4.488159772740829
285.2852852852853,221.77536474694077,2,2.0,60.860792249274596,-10.057779582014666,4.900399982219755
285.8858858858859,244.25734552961757,2,2.0,61.56917795528161,-10.014827997704138,4.806008386288724
286.48648648648646,249.54649136990335,2,2.0,61.127764166295854,-10.511184731931042,5.019118306969889
287.08708708708707,259.26176753912813,2,2.0,61.659703651766684,-8.82885703237673,5.03250673561699
287.6876876876877,243.51208455807253,2,2.0,59.589381982707344,-11.951894291529126,4.802543363296273
288.2882882882883,247.03989695625467,2,2.0,59.05395978178765,-11.21328392230899,4.806942380551904
288.8888888888889,269.73399472576205,2,2.0,65.2739378366517,-10.523359636994158,4.932290185325158
289.4894894894895,271.6441046462286,2,2.0,60.54060198167011,-12.100127473866678,4.779877964624102
290.0900900900901,275.21075046834676,2,2.0,60.40006183471714,-10.671136831430955,5.13212291991096
290.6906906906907,280.05619476956997,2,2.0,58.22310718174188,-8.873659936923456,4.894140728870991
291.29129129129126,273.5143607532329,2,2.0,61.397717992337206,-10.555588896360852,4.390576351843967
291.8918918918919,286.1800778125698,2,2.0,60.1739234174685,-10.388610825319658,4.90073689445227
292.4924924924925,290.1347427803476,2,2.0,66.2472965644073,-11.923797129064118,4.771455003252309
293.0930930930931,283.1946235796296,2,2.0,65.12475972279451,-11.325791678495849,4.6561059093776285
293.6936936936937,311.90245011411884,3,3.0,61.86937460227229,-11.131894584550851,4.737807608706284
294.2942942942943,300.6476729194702,2,2.0,67.8897815406013,-11.12314378285418,5.0098407924839075
294.8948948948949,286.40556928255853,2,2.0,65.48635492219223,-9.573970210544573,5.256087486120749
295.4954954954955,307.0256014028961,2,2.0,63.00974912498476,-10.34955516113599,5.055130284556495
296.09609609609606,292.5756123259636,2,2.0,58.79585692848556,-12.07177512231687,4.873060438471291
296.6966966966967,311.76645440174474,3,3.0,68.51047314169357,-10.768313660369321,5.087143172263509
297.2972972972973,316.75676163044335,3,3.0,61.28202057580526,-10.572519670007528,4.9054788365702455
297.8978978978979,297.93375947560963,2,2.0,60.90159815836326,-9.98792821739269,4.859444619654579
298.4984984984985,316.43267883802383,3,3.0,66.36741409824678,-9.606276192333556,4.768293089164569
299.09909909909913,311.2690638899841,3,3.0,69.33029793024778,-12.26204518504974,4.649333853949903
299.6996996996997,315.3851413815669,3,3.0,67.34649585541563,-12.119327595190349,4.921981882115253
300.3003003003003,325.8351750109729,3,3.0,65.83155774680877,-12.628942276055305,5.031577321411168
300.9009009009009,303.7955003930353,2,2.0,66.01766468993567,-11.66964390017352,4.980374881297269
301.5015015015015,297.77513653572913,2,2.0,66.65802591406974,-11.034880413646798,4.915972237221694
302.1021021021021,295.16452631599236,2,2.0,66.59070818889967,-10.580863759548674,4.809215481347851
302.7027027027027,294.3373733258921,2,2.0,65.75550268059592,-11.71244293398476,5.118946136951037
303.3033033033033,299.85494049190345,2,2.0,65.52039871688852,-12.025956408004014,4.732535949240053
303.90390390390394,301.8700948275166,2,2.0,65.30429008006213,-11.625280191763164,5.149566698883134
304.5045045045045,298.7690555672989,2,2.0,64.03762548836087,-12.684411486767399,4.792049985998155
305.1051051051051,301.53861601472124,2,2.0,65.09887675419782,-9.833249937567157,4.839872273000496
305.7057057057057,290.39382114051847,2,2.0,62.387574896850325,-13.60524780057774,4.694602059994178
306.3063063063063,301.54098717321347,2,2.0,65.68865578410306,-11.888910513687428,4.885012506973671
306.9069069069069,280.85921876938477,2,2.0,64.0185798066309,-10.127363361906314,5.177423564165413
307.5075075075075,306.98031345458105,2,2.0,63.89758647232982,-12.222730160617116,5.0822893851098945
308.1081081081081,282.09604030827853,2,2.0,66.57212828561082,-12.499358969258324,5.171385728182238
308.70870870870874,263.132369874439,2,,69.10248696787104,-12.74777216619375,5.076402504895082
309.3093093093093,256.6799472473047,2,,68.25982135568604,-12.652929296782858,4.747248203254406
309.9099099099099,267.73585971922495,2,,63.38545187967298,-11.18309106643928,4.897568335955023
310.5105105105105,256.05345102505777,2,2.0,64.64901686686609,-14.852381236488473,4.803166584263651
311.1111111111111,260.6772869876952,2,2.0,68.6101866511874,-11.192829882973186,5.220538239844433
311.7117117117117,253.4088202958307,2,2.0,64.8625877350379,-14.23711590376476,4.7100194241018505
312.3123123123123,242.99497877067844,2,2.0,66.47575766777844,-13.167843406290126,5.122808080138501
312.91291291291293,230.22741171351237,2,2.0,68.12112895491623,-13.419591052622685,5.117088672165104
313.51351351351354,218.46159494855272,2,2.0,65.1788721821331,-12.492058040453816,5.298589757186276
314.1141141141141,224.0193360005349,2,2.0,67.41938024543609,-14.770095180251857,4.844635198919616
314.7147147147147,231.89924077909347,2,2.0,64.63217450935188,-12.802238065049398,5.062683274184041
315.31531531531533,220.31945213024323,2,2.0,66.18761097878361,-11.333606768657006,5.369935624118898
315.9159159159159,200.57244303694688,2,2.0,68.1185518389826,-14.815647020195458,4.78320401432171
316.5165165165165,209.63590981564874,2,2.0,64.38015963772736,-13.358359473002666,4.592592683167652
317.1171171171171,206.6686701187531,2,2.0,68.53276969710092,-14.306661319352765,4.516209033666899
317.71771771771773,188.93883130962195,1,1.0,67.69672833300989,-13.316411025288906,5.027106336513643
318.31831831831835,194.33963299253037,1,,68.92367481258883,-13.82175968691245,4.500030042562232
318.9189189189189,188.48419076601888,1,,68.34771813694651,-14.581978146408826,4.794036393630169
319.5195195195195,171.65763935913418,1,,70.70786647414022,-13.553161508789948,4.94754765454008
320.12012012012013,181.94581346838618,1,1.0,68.30822799262288,-12.33817111479486,4.888450379266318
320.7207207207207,179.36063814126086,1,1.0,67.27565581284667,-14.435835264028396,4.9275807129981235
321.3213213213213,180.08035880164877,1,1.0,68.45424130999605,-13.62849639019789,4.877773187302657
321.9219219219219,175.4041151394316,1,1.0,69.3699102980036,-15.745744414029991,5.079659679251188
322.52252252252254,146.830895856945,1,1.0,68.4531879296374,-15.514002730502217,4.623743204540738
323.12312312312315,147.1012054905809,1,1.0,68.5072874793006,-14.191116118098396,4.668876942309747
323.7237237237237,157.6362655401163,1,1.0,67.09123699385182,-13.286206789306007,4.6395639793253975
324.3243243243243,153.76816093465308,1,1.0,67.23701203754412,-14.522337371683193,4.949705444262049
324.92492492492494,150.06559366883258,1,1.0,65.82367138901479,-15.299447104647092,4.953070256410937
325.5255255255255,179.86936053778285,1,1.0,72.19257542226549,-15.096329315412438,4.852312253022291
326.1261261261261,143.62091203644422,1,1.0,66.2687048586634,-16.456036111081616,4.987596738766026
326.7267267267267,145.9808528663543,1,1.0,67.43209722520007,-14.711879310318025,4.503875808043674
327.32732732732734,141.02115138115607,1,1.0,67.44103384695094,-14.545568910885796,5.061270955751892
327.92792792792795,134.99262361683628,1,1.0,70.72609998412898,-15.992223075982317,5.020573223090242
328.52852852852857,122.46355178119397,1,1.0,68.4032145103973,-16.12311133621554,4.850907536086984
329.1291291291291,130.48121581393002,1,1.0,71.54391818432464,-15.500815209782605,5.0477599095811545
329.72972972972974,112.57361419263161,1,1.0,67.7552283094197,-16.317707253600666,4.347452932913151
330.3303303303303,115.47598168666372,1,1.0,69.71242662100207,-16.062065952947783,4.561026972704537
330.9309309309309,110.66131700481066,1,1.0,67.53442408236755,-14.011790924919605,4.5057576568899425
331.5315315315315,114.12916582988723,1,1.0,73.54454548568914,-16.474733057718293,4.783779852200757
332.13213213213214,134.37310105383193,1,2.0,66.92662663884607,-16.702839033769024,4.41588655411301
332.73273273273276,90.58627986982732,0,1.0,69.96748646763847,-17.10941061437177,4.76361073036288
333.33333333333337,114.26580148449136,1,1.0,70.65986388235251,-15.835606595243373,4.872183440152659
333.93393393393393,89.52754788939771,0,0.0,70.26281513279882,-16.879493669209733,4.722850063834492
334.53453453453454,99.2894239862707,1,1.0,69.105988484371,-17.466635889398336,4.626062992412339
335.1351351351351,113.35004272944238,1,,69.25670767814026,-15.61545577165915,4.357012745019785
335.7357357357357,101.6480920225881,1,,69.64219413449565,-15.637138442293539,4.370264477765109
336.33633633633633,88.86076852420487,0,,69.29722462569437,-17.777612360998983,4.774379672959484
336.93693693693695,91.20151593266212,0,0.0,71.55407817636709,-19.16462274252279,4.664922227678395
337.53753753753756,103.9455827026663,1,3.0,74.08088974707809,-16.411890615874572,4.485621743071572
338.1381381381382,88.715093234862,0,0.0,68.57681513617688,-18.2257639682215,4.393995033737451
338.73873873873873,97.12209238696647,1,,66.98257760645654,-16.8726274411947,4.056346150698987
339.33933933933935,94.41717621774643,1,,69.57443302351446,-19.75584549449624,4.231048940721899
339.9399399399399,86.51035813447488,0,,74.93765690551975,-17.01598333232501,4.810997307450178
340.5405405405405,113.58755556864637,1,1.0,68.19655668207118,-19.242922514603727,4.155900276900329
341.14114114114113,97.66196285326289,1,1.0,73.10623247916165,-17.424467812898552,4.432950580267434
341.74174174174175,70.29513188376335,0,,73.20591805609506,-18.264732104521872,4.579393466864094
342.34234234234236,91.68040790017764,0,,68.76428112286538,-19.356990141521145,4.1095585525143115
342.942942942943,82.50940001905349,0,,71.02878773328385,-18.934385266725364,4.37991349789397
343.54354354354354,97.00184031466425,1,1.0,73.16540081410753,-17.965561742977453,4.512774294140936
344.14414414414415,79.93831273629337,0,0.0,69.16655939955089,-18.670730303100193,4.309703884104401
344.7447447447447,86.13504631442513,0,0.0,69.53228215461617,-18.31714990410251,4.8626921142479365
345.3453453453453,91.78133420085716,0,0.0,68.78912914119348,-17.050234231801486,3.9368954042393365
345.94594594594594,94.86567953697767,1,1.0,67.93444518680153,-20.716182366955955,4.463762621734949
346.54654654654655,73.70706929831056,0,0.0,68.67529036834722,-17.660128305825502,4.198657790185964
347.14714714714717,81.88995416858333,0,0.0,67.53427047534603,-19.298499413644684,4.368604625864353
347.7477477477478,80.0314198485849,0,0.0,70.057041907334,-20.427248354800067,4.283287408644885
348.34834834834834,77.81255818112884,0,0.0,68.45407061621472,-20.984461497620813,4.029004756859193
348.94894894894895,101.58268479199111,1,1.0,70.46514895159325,-19.969006551514756,4.201851653097484
349.5495495495495,87.57594745081518,0,0.0,66.8877636866213,-18.98400916581657,3.7646965660134186
350.1501501501501,70.52948798481228,0,0.0,70.6617110175728,-20.158996442454892,4.236960701552139
350.75075075075074,91.94199081655071,0,0.0,71.66582175792773,-18.646075460323058,4.1557888802552085
351.35135135135135,103.62157815096279,1,1.0,66.00852358552704,-21.734164270882737,4.20354864066126
351.95195195195197,92.37177880382333,0,0.0,70.7397569102522,-20.42079094225317,4.2669149364687735
352.5525525525526,66.50996856442258,0,0.0,72.44104869143578,-21.786744184343693,4.108106975485942
353.15315315315314,76.5263640381977,0,0.0,67.55891387578036,-20.296283053641233,4.043311541982364
353.75375375375376,93.71049872258133,1,1.0,73.31424446151857,-19.898487325559394,3.816411415084584
354.35435435435437,73.64425469271352,0,0.0,70.79646040908519,-21.331472020547455,3.8289350030777554
354.9549549549549,84.84489515422946,0,0.0,68.53614073154144,-23.640115494949523,4.187304693196407
355.55555555555554,87.8443620703695,0,0.0,69.82078817553531,-20.961980994455804,4.215629910200814
356.15615615615616,70.52505059671141,0,0.0,71.03356242617318,-20.849034401085177,3.8589741702707427
356.7567567567568,78.89995141707197,0,0.0,70.0519226466048,-21.006118564287494,3.8938605413375824
357.3573573573574,46.78745358223224,0,0.0,70.95884877604036,-20.299048327140007,3.6816331095309778
357.957957957958,68.6648502293658,0,0.0,68.01983693185474,-22.730058545336178,4.074837571853475
358.55855855855856,76.09497212172492,0,0.0,70.17817628963633,-21.102700606129307,3.9509359935290007
359.1591591591592,65.85776599471038,0,0.0,66.98872022755054,-20.714038937852667,4.18350074646553
359.75975975975973,94.377398356962,1,1.0,69.568816656606,-23.808462104274128,3.5968374895819273
360.36036036036035,63.47206119673029,0,1.0,67.956999016668,-21.833229581531924,3.673987611815177
360.96096096096096,73.0955101349137,0,0.0,68.2657269435329,-22.779727479768493,3.7728097428147858
361.5615615615616,78.52794571879033,0,0.0,72.17937382576169,-22.479376508079,3.832596165829278
362.1621621621622,91.35980080845813,0,0.0,71.85863765154363,-22.17210413031291,3.63679083090326
362.7627627627628,62.3167765344147,0,0.0,70.86155410857515,-23.12853725727961,3.4818087209684716
363.36336336336336,88.03704569265973,0,,67.42434461030278,-23.43812692295235,3.809011599679452
363.963963963964,76.23932336145678,0,,68.94027868675013,-22.848939485234194,3.7531410022212652
364.56456456456453,66.05497446281194,0,,71.96185102529728,-24.090554714980307,3.40169974612541
365.16516516516515,80.22556979071483,0,0.0,69.78008556555137,-24.20887557120008,3.8319426961658363
365.76576576576576,77.33094563641559,0,0.0,74.09474454779198,-22.562924671887203,3.7706545256986645
366.3663663663664,69.07527692883274,0,0.0,70.2005940974934,-24.509826480580813,3.5390979668235327
366.966966966967,75.51379968836048,0,0.0,69.75437049031481,-22.81292262603362,3.503647528528376
367.5675675675676,70.70217267198939,0,0.0,68.70679578342316,-23.134296003591405,3.5738963856640864
368.16816816816817,75.43117595648924,0,0.0,69.54531138146483,-25.439777066866277,3.265970872815178
368.7687687687688,80.65914057199915,0,0.0,68.9249370160405,-24.508030378367327,3.4194164230818713
369.36936936936934,89.64094942281633,0,0.0,70.59618932862183,-22.752245624447035,2.957906259980062
369.96996996996995,61.146673072913785,0,0.0,71.0419220389175,-25.0427854366844,3.5385233684352198
370.57057057057057,94.60029526024593,1,1.0,67.50353609344381,-24.64064638437405,3.025661532566857
371.1711711711712,53.49529445601671,0,0.0,66.358500992158,-23.82814264737137,3.613252997056513
371.7717717717718,71.24560388327211,0,0.0,65.29246447134285,-23.620095620063594,3.2210370433936895
372.3723723723724,78.39497746084227,0,0.0,69.9232248419515,-24.767610849813444,3.2191051434214084
372.97297297297297,75.0711420346161,0,0.0,66.6413368784673,-25.225453424364627,3.110156963515077
373.5735735735736,65.78471498630977,0,0.0,64.48158008040254,-23.31671236420592,3.1522511926675296
374.17417417417414,69.68204690622608,0,0.0,69.50227532514668,-23.110571703377293,3.467612777277931
374.77477477477476,66.58589714992274,0,0.0,73.64734213718725,-23.980235136062095,2.660286945678971
375.37537537537537,65.37598118377397,0,0.0,68.58389692470978,-24.9826121971177,3.3870808701259483
375.975975975976,79.52046626376142,0,0.0,70.20618918465979,-25.984231326259707,3.173030880651092
376.5765765765766,74.35052190122768,0,0.0,68.62451112698015,-26.113626294017077,2.837661859362165
377.1771771771772,63.60831083005682,0,0.0,68.19319646774528,-24.867048118336406,2.837547673944145
377.77777777777777,79.29157801506057,0,0.0,70.1577334585951,-25.076691559819373,3.361339035418647
378.3783783783784,73.12789653215613,0,0.0,67.66612030119275,-24.19814926842952,2.810318008237628
378.97897897897894,77.94401330571289,0,0.0,68.70702997729377,-25.05306981324287,2.742019284333922
379.57957957957956,75.87336175609096,0,0.0,68.73970692777009,-27.30946979604587,3.1733357241994535
380.1801801801802,61.05001942038149,0,0.0,66.68268938471837,-24.85639273233666,2.986682634077534
380.7807807807808,63.50229806174382,0,0.0,69.92401004146485,-27.007416968945638,2.704404394694238
381.3813813813814,76.34245761328474,0,0.0,67.5095600760033,-26.49339275740658,2.90825256589759
381.981981981982,74.73994706379165,0,0.0,66.26604589624748,-25.958319742180738,2.6326381131504357
382.5825825825826,68.19530140036554,0,0.0,68.76711814851356,-24.310968560641605,3.0307394423358676
383.1831831831832,69.34705994510966,0,0.0,65.81223366480829,-23.2938357107249,2.995563724210893
383.78378378378375,80.7213516372222,0,0.0,67.57911539058489,-25.893136171400283,2.862335423919765
384.38438438438436,61.80141217983801,0,0.0,67.41661422886408,-26.778132354079343,2.800843768385166
384.984984984985,72.9620971815704,0,0.0,69.51726167609701,-26.154463088962842,3.053261712866233
385.5855855855856,65.24484433558334,0,0.0,68.20400804415408,-25.894287932272825,2.6734114913903637
386.1861861861862,64.86734322344674,0,0.0,67.11222500068422,-27.19451251184829,2.409489597151112
386.7867867867868,77.81114364437394,0,2.0,68.70400881461197,-25.169447424579893,2.70809191680154
387.3873873873874,74.85870594482968,0,0.0,69.75362228112697,-26.824299912268128,3.0076842343105397
387.987987987988,74.52288076568607,0,0.0,67.99209620011273,-26.645223275178815,2.359748061490342
388.58858858858855,79.22803331613663,0,,66.79899049529497,-26.564507588560627,2.4625824601351316
389.18918918918916,66.1711269095663,0,,64.05496760714021,-26.895166650402324,2.5902916685858393
389.7897897897898,72.57102900349092,0,,64.4473166516559,-26.56297646654982,2.4683038135615014
390.3903903903904,62.44201942425921,0,0.0,65.86455156389202,-28.10316266989683,2.2546637493663475
390.990990990991,68.58255153063875,0,0.0,65.15199070823698,-28.127019273995945,2.647495567020853
391.5915915915916,63.83893837332202,0,0.0,65.89164790510468,-28.75048220755059,2.8590940109103236
392.1921921921922,65.91338950021989,0,0.0,66.27203118827487,-27.291226703266947,2.4062388649401534
392.7927927927928,70.70197839901573,0,0.0,67.10982733055125,-27.03096817294706,2.1580929563400195
393.3933933933934,56.379475481332435,0,0.0,65.79972868867651,-27.430072808174426,2.0009783864860236
393.99399399399397,85.30154906862073,0,0.0,66.80259223506263,-26.29004616170175,2.3342019052271166
394.5945945945946,54.13869029572037,0,0.0,65.845983155603,-28.045567322498446,2.4751932420897798
395.1951951951952,51.88388846203572,0,0.0,61.65213370016849,-27.44539020903614,2.3212397430462817
395.7957957957958,75.44010547543321,0,0.0,63.60902018870666,-29.27870941979759,2.197493712696092
396.3963963963964,71.6158121189058,0,0.0,65.08273620890787,-28.645689512109833,2.0518708171935165
396.99699699699704,69.78826413632004,0,0.0,62.833342998710066,-27.633326578841956,1.9230279815133005
397.5975975975976,69.68689780011985,0,0.0,66.33301660330316,-27.548718893842253,2.2801339433011294
398.1981981981982,63.14673520821667,0,0.0,68.07369769179991,-28.759415850964785,2.267650898526472
398.79879879879877,54.17278101918774,0,0.0,67.32737162417409,-28.603336583791993,1.747455957015256
399.3993993993994,63.79092914920921,0,0.0,64.33923392221953,-30.11454954848826,2.346270012313828
400.0,56.16144219204966,0,0.0,67.62246842507746,-29.01728323865099,2.1148142441788007
400.6006006006006,72.59834070883073,0,0.0,64.81187724584146,-27.83207881667507,2.308221145706848
401.20120120120123,61.30597214926724,0,0.0,63.712531264993736,-28.20808476972112,1.7881763646563775
401.80180180180184,54.46783131322871,0,0.0,63.030698508651966,-28.342062108706564,1.8117317431662647
402.4024024024024,59.47372630201441,0,0.0,63.52200995475946,-28.850993021038096,2.083389816082691
403.003003003003,66.80201443738238,0,0.0,63.21869121054501,-28.950334078224373,2.242017593435955
403.6036036036036,57.04285992836838,0,0.0,64.2026280579534,-29.67293159493289,2.5289973121367684
404.2042042042042,54.48970759396616,0,0.0,64.04835485754863,-28.36756920756636,2.339190263642887
404.8048048048048,65.20725995834809,0,0.0,63.59737605864842,-28.697777298760947,2.1776699383847964
405.4054054054054,65.30763470019565,0,0.0,64.32790869812375,-28.677641169967334,2.049143931893348
406.00600600600603,57.90782762950129,0,0.0,65.69674989520362,-29.745153739519832,2.528606823526708
406.60660660660665,58.42065404031837,0,0.0,65.07467273188597,-31.42046197392409,2.1178294063465737
407.2072072072072,65.64275619622813,0,0.0,60.064563301641925,-28.216500182844843,2.664600325241682
407.8078078078078,49.07320827871471,0,0.0,57.784004994148475,-29.83755051154652,2.3101356432140694
408.4084084084084,49.755096059816566,0,0.0,64.61667399711168,-30.265068171140708,2.7132022810304397
409.009009009009,56.96835106481329,0,0.0,59.86916826261966,-28.750905141894293,2.558910253786613
409.6096096096096,62.39242420334878,0,0.0,62.00699665472928,-29.87699397551708,2.4237253675533172
410.2102102102102,68.06495353929289,0,0.0,59.96861931083357,-28.46414144479789,2.3752055089974218
410.81081081081084,80.19730354587458,0,0.0,58.55592433951759,-28.94466139781581,2.4388208854963307
411.41141141141145,74.57124050901449,0,0.0,63.092578362570855,-28.914174620331412,2.6205383519489738
412.012012012012,65.01350517475385,0,0.0,63.37646470080246,-30.99825762013966,2.5781312593710535
412.6126126126126,67.11275453085224,0,0.0,60.55237482821396,-28.45339179019401,2.4717125427893736
413.2132132132132,58.04398283509191,0,0.0,56.36929811301544,-29.43558978534302,2.58507085217155
413.8138138138138,68.73149143796994,0,0.0,60.30363277895122,-30.096087686277805,2.6615798281791
414.4144144144144,66.96309979693693,0,0.0,62.0232267166418,-29.611853257476135,2.2477274070297537
415.015015015015,74.10043698214226,0,0.0,58.12405684174328,-31.5583645842304,2.7926577108504964
415.61561561561564,63.719821097378784,0,0.0,61.28963157510702,-29.398816360719724,2.5325673111923996
416.21621621621625,78.40459880415672,0,0.0,60.732100564626684,-30.860628686139112,2.5252677035142255
416.8168168168168,89.86242532123177,0,0.0,61.75989489751778,-31.206159890519697,2.4458206618141216
417.4174174174174,74.88094220503294,0,0.0,60.67785376329501,-31.39652212078578,2.451796663077767
418.018018018018,81.53337107680021,0,0.0,58.32873219843656,-28.78058552154501,2.5666991492560314
418.6186186186186,86.0840558087464,0,0.0,62.50299254324718,-30.540082860382984,2.7231233792905667
419.2192192192192,76.95968270745843,0,0.0,59.626578787345686,-28.393069158918706,3.282641337506829
419.8198198198198,85.12901402317739,0,0.0,59.7216327565169,-30.477005037951688,2.8137961236413087
420.42042042042044,85.06088180632696,0,0.0,57.74113194993135,-31.661395262933073,2.9814228369801135
421.02102102102106,88.09265762079065,0,0.0,58.55135819698111,-31.081820469452026,3.0527856637543773
421.6216216216216,81.70382786745729,0,0.0,57.497407616013334,-28.739166345938056,3.025632421469342
422.22222222222223,92.13673207309078,0,0.0,58.749053543075114,-30.13897976064935,3.0105717378318055
422.8228228228228,99.47109233705476,1,1.0,62.34514432274507,-30.537892894078873,2.8135513998341413
423.4234234234234,111.74535982041604,1,1.0,56.003562708878825,-29.834530752437907,3.369251698589449
424.024024024024,109.71375286968367,1,1.0,55.344742661327366,-29.496128206471717,3.4668655131583255
424.62462462462463,124.6846282643102,1,1.0,61.33757634676437,-28.882292142775007,2.795156054083772
425.22522522522524,98.65536874622623,1,1.0,57.798835331534406,-28.551389514864212,2.953042958808709
425.82582582582586,118.3712817526106,1,1.0,56.70046799338407,-30.358272915372087,3.12794443977292
426.4264264264264,114.94204725897542,1,1.0,59.93844449676104,-31.321585438299678,3.0169514084699047
427.02702702702703,138.60584129823576,1,1.0,56.466323679628125,-30.40445482317009,3.3368968554231495
427.6276276276276,112.35910462106955,1,1.0,61.14739897225829,-29.724580212122337,3.1157840993263197
428.2282282282282,115.90980746780048,1,1.0,58.6679684292061,-30.940910818173226,3.7200722757482994
428.8288288288288,122.30336133130625,1,1.0,56.15195061629525,-30.925015316465387,3.550678750239431
429.42942942942943,111.1676448750948,1,1.0,61.25697350200565,-29.61321183551849,3.3804749831816703
430.03003003003005,131.37020245315162,1,1.0,55.54444510376691,-29.993211909123225,3.568629491998577
430.63063063063066,133.3612448790206,1,1.0,58.05252517624318,-29.897748895992088,3.609563053773358
431.2312312312313,146.87587768382463,1,1.0,56.978328102248824,-30.673456270673917,3.3006206296374043
431.83183183183183,153.29335657089788,1,1.0,58.793590516387006,-30.128207871443603,3.2750680379580346
432.43243243243245,173.21486495334062,1,1.0,59.12245931559958,-30.803320413670082,3.4787134440348324
433.033033033033,168.59637188050834,1,1.0,55.87174573567928,-28.968605823349172,3.6600551809527557
433.6336336336336,158.0109399325223,1,1.0,54.10818132622869,-28.801711927072354,3.5400507471046563
434.23423423423424,159.51896491585765,1,1.0,56.34122771965361,-31.659749669773692,3.221215487421143
434.83483483483485,178.16638548718058,1,1.0,53.871113462198075,-30.718120434331023,3.400289247154567
435.43543543543547,164.7948345882564,1,1.0,59.05758156912548,-31.258637764834372,3.5701599935192774
436.0360360360361,201.05191910358312,2,2.0,55.10715045589522,-30.38408674196693,3.593780808846981
436.63663663663664,199.24582451634708,1,1.0,53.90572704006297,-29.78791487498833,4.027238529252697
437.23723723723725,187.43093918630998,1,1.0,54.80704655354674,-31.123000703671437,3.3792033505794103
437.8378378378378,179.60266646924904,1,1.0,51.543782471482544,-30.56256328128682,3.7810422067799596
438.4384384384384,214.80666587460613,2,2.0,52.094197289503626,-30.610483396304712,4.00112087994978
439.03903903903904,204.5614702351836,2,2.0,56.236692641244765,-29.363561230583763,4.180810507394229
439.63963963963965,222.41125620774025,2,2.0,52.319572842295536,-29.464272386738045,3.6687097069820265
440.24024024024027,198.28467286924112,1,1.0,51.33610113630971,-30.21663395688539,3.8707879955619133
440.8408408408409,212.28316988548067,2,2.0,54.298863482198804,-29.27785285379924,3.9092093306125086
441.44144144144144,222.2121903515005,2,1.0,55.391682420121604,-29.9596351398823,3.8569489751013015
442.04204204204206,226.33038810437483,2,2.0,54.25198624444621,-29.641402103000438,3.8205171625521235
442.6426426426426,224.86238807255796,2,2.0,54.59907804222735,-27.65160428449854,3.9497510624297383
443.2432432432432,238.87989122550363,2,2.0,50.885401268364895,-27.938429221174744,3.378210774842989
443.84384384384384,225.03441705565132,2,2.0,49.346492841881,-30.53083722887072,4.043010155545678
444.44444444444446,237.10277430363635,2,2.0,54.98302642674322,-28.352428650923567,3.9535984097920105
445.0450450450451,242.28898205881993,2,2.0,51.1243749075789,-28.320216717238242,3.905462789805286
445.6456456456457,248.52122257151558,2,2.0,51.05658286149857,-30.22788388754808,4.380751594951476
446.24624624624624,252.50413250865694,2,2.0,54.00229869978302,-28.20741363293548,3.8576382786587304
446.84684684684686,235.86327371259793,2,2.0,52.245187568643395,-27.43340184101059,3.933078460209702
447.4474474474474,233.1923533117283,2,2.0,51.830484272795324,-30.037601533227253,4.432893667884945
448.04804804804803,262.4290555052898,2,2.0,55.03386710827732,-29.77487190497956,3.8888790104813706
448.64864864864865,253.7835444138156,2,2.0,49.201160657364305,-27.780618491320794,3.9657935503453303
449.24924924924926,243.4687890509526,2,2.0,52.12740161489339,-28.46630338830164,4.066752102370931
449.8498498498499,266.6408747354327,2,2.0,50.16846995329842,-28.124458601436494,4.2844580978637685
450.4504504504505,252.14310006618052,2,2.0,50.37355730510209,-28.272109062991813,4.177837357763738
451.05105105105105,262.31800987628884,2,2.0,52.67445396948189,-28.157402992141115,3.8975273051751613
451.65165165165166,250.4225166903862,2,,50.41355698127876,-29.80861912743911,4.069202283655754
452.2522522522522,269.2641596502934,2,,50.25407864965167,-27.367535266379054,4.073555091662591
452.85285285285283,264.8114309015015,2,,51.10134357823733,-27.176637490050403,4.198776385852407
453.45345345345345,243.0681098963962,2,2.0,48.00451599422066,-28.50567213009534,4.3183868693912215
454.05405405405406,253.2793736447911,2,2.0,46.83335358401396,-28.24850270088474,4.335658066935767
454.6546546546547,247.7386595212675,2,2.0,46.19877371912111,-29.663579354793058,3.9154129052052946
455.2552552552553,252.4181845681582,2,2.0,44.131574676323815,-27.54437641355886,4.501799700626752
455.85585585585585,226.26693607200107,2,2.0,51.9518832872837,-27.411457945029923,4.357717788922273
456.45645645645646,239.71101959869262,2,2.0,45.407527785941426,-27.969327406150253,4.602097596157585
457.0570570570571,240.13282009840486,2,2.0,46.945215999004304,-26.70515290221413,4.431811068395885
457.65765765765764,208.43758974849152,2,2.0,46.60718756271522,-28.084714519775957,4.580807677661921
458.25825825825825,210.46254246292725,2,2.0,47.54803963787958,-27.10593602266239,4.4712137345150795
458.85885885885887,197.98275501490374,1,1.0,48.33644291333728,-28.60889725337301,4.664299767263766
459.4594594594595,211.58739859853122,2,2.0,48.1969969064792,-27.530275203401484,4.516441518304376
460.06006006006004,217.20679938933895,2,2.0,45.080324745041025,-27.59737967535893,4.409130440733651
460.66066066066065,220.66578106067655,2,2.0,45.68202321913934,-27.11284533072634,4.899706368548163
461.26126126126127,201.8725268569865,2,2.0,46.35058001095424,-27.621646916437335,4.63931514977724
461.8618618618619,212.80333882577423,2,2.0,45.05656689128842,-27.2964118304995,4.592325827091512
462.46246246246244,178.01568560234372,1,1.0,48.5365540561667,-26.25057761742354,4.238164763639413
463.06306306306305,170.0138467428277,1,1.0,46.07112047538731,-27.4239548607619,4.25139090340462
463.66366366366367,181.67191959206502,1,1.0,46.325636924402374,-28.503227990521307,4.582998988328519
464.2642642642643,181.2134892195125,1,1.0,45.947767010343604,-25.055436009347112,4.568738910543829
464.86486486486484,172.1735594583411,1,,46.73449690075209,-25.33085811471855,4.43176290019827
465.46546546546546,146.95198882011044,1,,44.514567882460966,-27.9108050934043,4.597509327602449
466.06606606606607,161.87473436342117,1,,41.32327661185966,-25.834017559972718,4.901534869426412
466.6666666666667,144.88910030258853,1,1.0,44.480181636532045,-26.93085086741674,4.737156706263375
467.26726726726724,159.84068832819608,1,1.0,42.141415994104996,-26.067522543937155,4.3839099985448335
467.86786786786786,152.07559317225332,1,1.0,42.14968865253397,-25.93891755036868,4.60361293660485
468.4684684684685,134.34426924328966,1,1.0,44.14191985688504,-26.368695142982947,4.478490691278775
469.0690690690691,134.01710744936491,1,1.0,45.207514738559624,-26.818228056220665,4.57527836574462
469.6696696696697,124.06613533336689,1,1.0,42.53474492273172,-26.62422367069247,4.583193466831139
470.27027027027026,129.63335476143595,1,1.0,42.87062680946928,-26.74815588754398,4.583248457927905
470.8708708708709,135.52147495904524,1,1.0,45.41766499374051,-26.561144754650652,4.440373053432262
471.4714714714715,111.93842573035022,1,1.0,42.25454057174843,-25.692952872233732,4.678252200334195
472.0720720720721,122.78426271463123,1,2.0,46.73573383924968,-26.23709645264146,4.603803971378328
472.67267267267266,108.5176192694641,1,1.0,42.422264110221974,-24.733972649769292,4.141936395441212
473.2732732732733,102.10103917390629,1,1.0,37.52814985685134,-23.822609845957277,5.150078386419281
473.8738738738739,105.3061988720089,1,1.0,42.31435207756036,-25.782900361185835,4.968651936231374
474.4744744744745,92.51109588140628,0,0.0,41.32755154242981,-24.85561050230336,4.68680704417359
475.07507507507506,93.956606846732,1,1.0,42.90188828531951,-24.486691602106983,4.776754348680044
475.6756756756757,84.28795046028222,0,0.0,41.42548515794493,-24.404947167217074,4.549336212426015
476.2762762762763,112.83238750665355,1,1.0,39.55855146218647,-24.690795226548193,5.133240443941736
476.8768768768769,90.60097371569675,0,0.0,37.142818867330725,-23.913114899579853,5.183733708956074
477.47747747747746,80.45843536571702,0,,38.92894132399807,-24.061858511768122,4.845545226337802
478.0780780780781,86.94573383745103,0,,37.40114968662471,-25.669361028768563,5.0285926454255785
478.6786786786787,81.17397023069488,0,,37.69598639325294,-23.44943246574371,4.868372571929271
479.2792792792793,77.7176118695094,0,0.0,39.78868243864485,-23.317504295425408,4.575146652386103
479.87987987987987,83.83498446378303,0,0.0,41.70548632620553,-24.85362252358605,4.7690505981076035
480.4804804804805,83.16716176861131,0,0.0,38.90884114071644,-23.93729266539154,4.886470610486679
481.0810810810811,68.31504823255607,0,0.0,35.48123153463786,-23.17616659714222,4.777590660469063
481.6816816816817,66.0152056781673,0,0.0,38.515391137762876,-23.952463818819552,4.832929428686942
482.28228228228227,67.29744234231092,0,0.0,39.772335245431,-22.553234090050662,4.8662840192395524
482.8828828828829,45.42024227790468,0,0.0,35.91210103768029,-21.14482801389395,4.876035340875359
483.4834834834835,51.79147780440282,0,0.0,36.615944977220934,-24.176619737581742,4.91005243077362
484.0840840840841,79.22390069475586,0,0.0,36.66539585220694,-24.653075011731495,4.694611336429128
484.68468468468467,80.71975402815515,0,0.0,34.81800048533751,-22.849090790150154,4.770202026985541
485.2852852852853,60.59305554050671,0,3.0,37.435882943536384,-22.31172697962013,4.663301989128015
485.8858858858859,67.7560074389875,0,0.0,35.6487078875901,-23.14405600660025,5.122135627382756
486.4864864864865,64.09893083323966,0,0.0,36.480718164810845,-21.339368169607273,4.5115363284749925
487.08708708708707,90.85553897472587,0,0.0,33.61749484465919,-24.01023196106847,5.169215966806735
487.6876876876877,70.42251289152624,0,0.0,34.268175210627945,-21.857282140971503,5.221338421713248
488.2882882882883,57.18287808368889,0,0.0,36.33826369079384,-23.034232674544764,4.888941035990588
488.8888888888889,48.212849738817866,0,0.0,33.89805026082568,-20.58678080121711,4.433795841471164
489.4894894894895,41.07669930862948,0,0.0,37.84767616416681,-20.19106530927834,4.886944297693685
490.0900900900901,58.61137624969421,0,0.0,33.34433418206037,-22.827313701900277,4.95088934856277
490.6906906906907,48.507616685315064,0,0.0,34.342670186235885,-22.48696464827756,4.765862524974698
491.2912912912913,41.398105552720764,0,0.0,35.50802257121182,-20.954263471746714,4.8689303169466465
491.8918918918919,48.75609408143683,0,0.0,30.55550551315432,-22.077138853008012,5.281740345549301
492.4924924924925,44.05592134701719,0,0.0,29.619881238665243,-21.61130885921782,5.112149199881451
493.0930930930931,71.43774695158623,0,0.0,29.839323847683307,-21.41615089013718,4.797448249594198
493.6936936936937,63.12018270962544,0,0.0,35.16482795191921,-23.2366260445539,4.665773102431712
494.2942942942943,54.00143974460684,0,0.0,31.28486230354352,-21.20599583345598,4.922555634595359
494.8948948948949,68.6955463373454,0,0.0,37.25380153105882,-21.756902427777774,4.947667964601015
495.4954954954955,54.520148667510696,0,0.0,30.757647576777472,-21.435145185676046,5.091733227256163
496.0960960960961,45.01750483815595,0,3.0,32.00391058402254,-19.373089015163256,4.887297773600907
496.6966966966967,68.77732425845853,0,0.0,34.46762841760845,-21.947797340227105,5.098262248301741
497.2972972972973,58.88134751284635,0,,35.144140099642975,-19.75254530508995,5.38432770662609
497.8978978978979,43.09518497361292,0,,35.00346251032191,-20.71908395055563,5.16146489797606
498.4984984984985,51.56794147701362,0,,33.04565402346793,-20.594182077687044,4.989547921345011
499.0990990990991,44.746393854677535,0,0.0,32.425487940658805,-19.398301151792968,4.963069521089588
499.6996996996997,39.73291532952446,0,0.0,31.310843186711832,-19.722843038591794,4.928631996591167
500.3003003003003,62.90787182593104,0,0.0,31.430932864023834,-19.3664926696198,5.2360948059175705
500.9009009009009,72.85229085482004,0,0.0,28.52026567830708,-18.843142291622478,4.874236926109987
501.5015015015015,39.9115557132691,0,0.0,27.734680670873765,-20.016886473992127,5.008210164611162
502.1021021021021,59.69358184623132,0,0.0,29.11279572812901,-20.172115714283944,5.008604273863424
502.7027027027027,47.752382608390995,0,0.0,28.52767643162544,-20.519400034719883,4.896940060051738
503.3033033033033,49.6116814814896,0,,27.71013538887278,-20.13412008403112,4.72146922365255
503.9039039039039,48.81351625807054,0,,29.75796691728497,-16.234184556059212,5.058956016837972
504.5045045045045,46.3838834232802,0,,30.0244676430488,-17.813298055986955,4.980292595412423
505.1051051051051,55.82881756127432,0,0.0,28.03941081286141,-20.283899712494435,5.090407414358417
505.7057057057057,47.389279917293315,0,0.0,30.566481566782137,-20.13029986938184,4.88123903682948
506.3063063063063,58.796028561204686,0,0.0,25.07696202666818,-18.201181049925278,5.229457196113408
506.9069069069069,56.021620424271326,0,0.0,26.722044604617096,-18.011195891942457,4.807006316227449
507.5075075075075,54.60951696992107,0,0.0,25.424856496167617,-17.885218523397064,5.321571824224682
508.1081081081081,48.44363074974779,0,0.0,22.874689786833528,-18.564947590335215,4.626174003810978
508.70870870870874,52.32013930677813,0,0.0,26.191797720848985,-18.311602901276398,5.058928008619673
509.3093093093093,66.26192288044469,0,0.0,25.863204248501347,-17.734712963471676,5.063068305465805
509.9099099099099,64.39237965379148,0,0.0,28.88329293319471,-17.853449879589757,4.8046147672323585
510.5105105105105,50.341558117333214,0,0.0,26.867874907409576,-20.03571971030109,5.044085197659347
511.11111111111114,61.90689807241849,0,0.0,23.307909786332406,-17.923640923150803,5.210326992988656
511.7117117117117,69.29050546669535,0,0.0,28.814684157530095,-18.423034580474443,4.5060133855163
512.3123123123123,46.01643099808725,0,0.0,27.298975579775966,-17.27458781708839,5.044617503758841
512.9129129129129,69.15306697898497,0,0.0,25.771716206673872,-14.343114836051381,4.439843734077335
513.5135135135135,58.18180823482393,0,0.0,23.905378525303572,-16.839889501597398,4.739532756138418
514.114114114114,71.68678554895457,0,0.0,22.190517341747405,-17.40034005341693,5.252405790425706
514.7147147147148,59.60978600305118,0,0.0,23.116264372009255,-16.044909013276488,4.803862435589598
515.3153153153153,50.548668074652376,0,0.0,25.78970012790641,-16.36440272703577,4.678829263929335
515.915915915916,53.77544028697311,0,0.0,27.133153149120698,-16.30787510097045,4.867144803911512
516.5165165165165,72.08807682670562,0,0.0,26.202507745977634,-16.002515701837584,5.313182000306834
517.1171171171171,75.86848193039178,0,0.0,21.89063431010843,-14.434755926657163,4.525874591007247
517.7177177177177,66.0043858121167,0,0.0,20.381692861282303,-17.504676297509256,4.674301948413508
518.3183183183183,83.32651483783023,0,0.0,22.655586692499845,-15.783217923948367,5.176146420809874
518.918918918919,62.339484276207884,0,0.0,18.590123610166103,-17.066885540028263,5.2400406729253
519.5195195195195,80.43314246609627,0,3.0,22.526837347299118,-15.469256852818628,4.839398772274231
520.1201201201202,71.252043381411,0,0.0,21.339117509899975,-16.82835009207864,4.603604731395007
520.7207207207207,79.24466234563852,0,0.0,20.456401366459914,-16.212571680912944,5.261660440523121
521.3213213213213,88.77357013678774,0,0.0,17.953560572604054,-15.976501384104937,5.152203694492327
521.9219219219219,82.37053439434843,0,0.0,21.92500961809615,-14.592484674214036,4.959675914140957
522.5225225225225,89.945046422936,0,0.0,19.58761048210609,-14.537438091608818,4.6517260109010135
523.1231231231232,106.8121272973049,1,1.0,18.06875098867,-16.58992005850682,4.794470101833847
523.7237237237237,94.08279358197154,1,1.0,14.420012143282708,-15.178315394535883,4.762023852170597
524.3243243243244,111.4557012203379,1,1.0,19.865847734493734,-15.832630416612835,4.849837342812644
524.9249249249249,95.19331023521319,1,1.0,23.222120416185497,-16.272128198265428,5.063190826358193
525.5255255255256,115.32381552856806,1,,22.757283656431508,-15.122002047585648,4.937950597386071
526.1261261261261,128.11916072732927,1,,18.27813865147619,-15.10563566864004,4.535422789991088
526.7267267267267,92.80474765130026,0,,17.745900504113486,-12.263427512361282,5.014783271522858
527.3273273273273,113.50685093068878,1,1.0,19.64630369319119,-14.151015459157406,4.790452561444298
527.927927927928,131.33403358653456,1,1.0,16.47086151073455,-15.856281037223537,4.853338657919574
528.5285285285286,127.74837174608916,1,1.0,18.83054958686767,-14.938999421986576,4.997091308493555
529.1291291291291,137.82798659029316,1,1.0,19.518925452299374,-13.249294158150407,4.469084077924233
529.7297297297298,132.52981279960864,1,1.0,20.20090566349729,-12.079593255067348,4.671612458707414
530.3303303303303,143.99643044867088,1,1.0,17.30749007778053,-15.65230069386176,4.559625689685225
530.9309309309309,146.23370376815046,1,1.0,16.86170390395374,-15.84546199450479,4.339246463953243
531.5315315315315,164.2177132292772,1,0.0,15.274843007112057,-11.994747481961607,4.708825982970273
532.1321321321321,159.9124533381028,1,1.0,15.139317275886828,-13.377244143246935,5.128226012350324
532.7327327327328,165.64010918629418,1,1.0,16.102912434508323,-14.53728297260816,4.244096151594232
533.3333333333333,163.09630192294392,1,1.0,17.053925280605625,-13.03749481701218,4.591620089143423
533.933933933934,167.33197055104847,1,1.0,17.910228744695168,-16.112022373798975,4.711918070832647
534.5345345345345,172.90340713687257,1,1.0,14.241117333585768,-13.37808209510416,4.593928428011274
535.1351351351352,186.20774233473028,1,1.0,18.597827952137624,-12.95986663374789,4.531961802696787
535.7357357357357,183.0854865100743,1,1.0,14.835748324906112,-12.27070994690965,4.279791398301017
536.3363363363363,195.2070664303561,1,1.0,15.101384059000413,-14.117245062509923,4.571013240488185
536.936936936937,218.04266142034228,2,2.0,13.416406069593567,-12.927122215072972,4.357699631494144
537.5375375375376,210.92762112076397,2,2.0,9.829656575327423,-13.848799837194548,4.055441305951372
538.1381381381382,203.8149384177606,2,2.0,16.214141649066615,-12.579677009497855,4.716495386993376
538.7387387387387,223.85964426341704,2,2.0,15.688267684207249,-13.643226334759055,4.6531848892896726
539.3393393393394,212.43493187324304,2,2.0,13.421078239051434,-13.069947586392951,4.455551619829004
539.9399399399399,200.68076339013172,2,1.0,13.887501812270862,-13.572789977334141,4.474528427663373
540.5405405405405,215.38799469420726,2,3.0,14.55582850564851,-11.842140705649106,4.626854993643935
541.1411411411411,211.01090384101005,2,2.0,10.169939797968258,-11.552315968662453,4.439922547378836
541.7417417417417,230.27968521474443,2,2.0,12.008668403046055,-12.564078621401434,4.558708183177318
542.3423423423424,237.86439226017666,2,2.0,14.4277151967506,-12.211124716243958,4.3010466459400005
542.9429429429429,258.1232831710807,2,2.0,10.103697907485685,-13.619085152548916,4.605368150652543
543.5435435435436,248.08479849537596,2,2.0,12.973171346948492,-12.392540258855853,4.3893483318253415
544.1441441441441,245.84443848734026,2,2.0,9.44736736335016,-12.066689230297689,4.346014408444126
544.7447447447448,259.2990140747243,2,2.0,12.868572109791263,-9.320575739393337,4.034999285372177
545.3453453453453,231.60000966326214,2,2.0,11.640324928241881,-12.979495173536838,4.328006426875319
545.9459459459459,258.49919765518285,2,2.0,8.257963449497035,-10.330797010176692,4.085625932259283
546.5465465465466,265.99826270669297,2,2.0,13.595057255607935,-10.726859840506885,4.1055615923595585
547.1471471471472,245.35603159077027,2,2.0,9.574487942786192,-11.373136113031695,4.051145469233795
547.7477477477478,273.1296398438097,2,2.0,9.202008634418865,-9.82652654280437,3.9817789919251902
548.3483483483483,266.3187921878234,2,2.0,11.003252925762393,-11.145747528265119,4.600590276884585
548.948948948949,259.7092566978199,2,2.0,12.679757582200628,-11.062741891262817,4.422320187003297
549.5495495495495,270.8013906562863,2,2.0,8.131983614667647,-11.440422373625244,4.520350356721929
550.1501501501502,287.4731357926679,2,2.0,10.068915996191713,-10.100496240905361,3.871732197526747
550.7507507507507,266.55831125876955,2,2.0,10.585911641930252,-10.165732067061834,4.110407937039282
551.3513513513514,266.87724922185384,2,2.0,10.898014096401724,-11.827397329331921,3.81711508189182
551.951951951952,259.1414594841268,2,2.0,9.649020692079326,-12.461878110633478,3.916152296011931
552.5525525525526,254.2654666590708,2,2.0,8.347235593201265,-11.28792391041282,3.8509576107606858
553.1531531531532,269.79058896201906,2,2.0,7.212092008860516,-11.828704804974508,4.261610459311022
553.7537537537537,251.35128385040284,2,2.0,8.826377350007869,-11.037333297925018,3.913379146796491
554.3543543543544,258.7627133011195,2,2.0,6.297473081620144,-9.682941266520404,4.185055022546371
554.9549549549549,251.1252171232304,2,2.0,2.387564447747641,-11.32568838335696,4.070781947078646
555.5555555555555,258.27714800151557,2,2.0,8.892760485483112,-10.860662312508838,4.389090579480577
556.1561561561562,254.1524980989814,2,2.0,9.61775550680772,-10.710721273248486,3.610707412905209
556.7567567567568,258.27597730983,2,2.0,2.875143683412527,-9.872678844829625,4.1365066398442885
557.3573573573574,239.65544501330194,2,2.0,5.373555919964435,-12.921832959187535,4.091844158609877
557.9579579579579,238.6972240992973,2,2.0,8.424228898894349,-11.236953302090917,3.6456104351945795
558.5585585585586,228.04977223911544,2,2.0,11.094716828627806,-10.375761252425496,4.019279296085278
559.1591591591591,229.65334288883253,2,2.0,6.816029438206603,-9.345247317634506,3.8624862517780265
559.7597597597598,233.96243858324704,2,2.0,5.114071015868165,-10.997006043958073,3.727006853027194
560.3603603603603,233.70401670137275,2,2.0,6.000845717552009,-12.342935982267583,3.5848020942244214
560.960960960961,212.72622554419664,2,2.0,8.913888012940475,-9.809459994051158,3.582698668019835
561.5615615615616,226.34439848410048,2,2.0,4.670646275226026,-11.028836364602421,4.11326067744131
562.1621621621622,226.80958398410544,2,3.0,4.1635809361575795,-11.548963190928857,3.6800609222042846
562.7627627627628,212.9144393647697,2,2.0,4.596827013819033,-10.950989905740323,3.8128269393655048
563.3633633633633,223.01437666165398,2,2.0,3.456972640795409,-10.480048452457881,3.474550217561227
563.963963963964,191.931430047963,1,1.0,5.411260838259863,-10.87068185697819,3.4529433404678214
564.5645645645645,182.61899555323046,1,1.0,8.218549842866903,-12.443457547354777,3.801351528088145
565.1651651651651,172.66413776843095,1,1.0,5.419614344529776,-9.314324228974254,3.290938893634431
565.7657657657658,200.80285232967347,2,2.0,4.074009561972067,-8.911563151185684,3.45357203027829
566.3663663663664,187.7974576711324,1,1.0,3.801360395247878,-9.511516746864395,3.5190441495884226
566.966966966967,176.14400984613562,1,1.0,1.0658809450589604,-11.27888143595086,3.510002476421179
567.5675675675675,174.99383129111965,1,1.0,5.766782632148461,-10.322404264545739,3.4272661744376736
568.1681681681682,156.49452286575857,1,1.0,3.6542176683850074,-10.108714157991624,3.517475443085616
568.7687687687687,187.8350626532423,1,1.0,3.259297231382923,-9.486244674464244,3.551981278412619
569.3693693693695,160.38172727275355,1,1.0,9.817880703465175,-9.401113619878242,3.535310477993764
569.96996996997,155.98933603296513,1,1.0,3.8416308669578054,-10.78961424122572,3.1660714776010686
570.5705705705706,158.06194210691746,1,,1.5540608243350134,-9.961004726518064,3.281129157469471
571.1711711711712,151.63443563854048,1,,2.0195113750022773,-9.574855193814416,3.5515216037461013
571.7717717717718,145.2016437704667,1,,4.984774731865964,-8.567025785890618,3.4659904997017557
572.3723723723724,131.32118017798695,1,1.0,2.7311612759111354,-9.310632741470052,2.986866649511433
572.9729729729729,140.3337275281448,1,1.0,-0.5541107157365786,-9.219953650577667,3.305999724802419
573.5735735735736,150.96683206534,1,1.0,3.9798227471815437,-9.920635619853002,2.8142139175769834
574.1741741741741,142.26629544045892,1,1.0,0.6250983582181258,-8.591036585213493,3.1932934886603985
574.7747747747748,141.5501209718838,1,1.0,5.529112866596977,-9.590348459283362,3.537402080335182
575.3753753753754,117.45477904882762,1,1.0,3.764860439652166,-10.8613969514961,2.942109249454514
575.975975975976,109.76318228460676,1,1.0,0.5334907516016721,-8.598719087235548,2.9385615753324354
576.5765765765766,115.63762808236747,1,1.0,3.814667728728702,-9.307547749170277,3.231872145248182
577.1771771771771,114.83265682734854,1,1.0,1.2139836585944472,-10.453438423540208,2.7440498495120638
577.7777777777778,122.7399102059702,1,1.0,2.610601687322502,-10.496411384686562,2.8995094240000006
578.3783783783783,92.53705844352493,0,0.0,1.7024525905218293,-9.72844648891424,3.1187076117425265
578.9789789789791,122.5599493430251,1,1.0,-1.1306360093458696,-9.571519175229048,2.845832216915233
579.5795795795796,103.62356539729312,1,1.0,-0.8947675327126503,-9.848670429028667,2.898678818284315
580.1801801801802,99.00748183328179,1,,2.2836797996255815,-9.747487751657722,3.06780920088336
580.7807807807808,91.35795953121279,0,,-0.6131885976127032,-8.373245756588418,2.9762987267088303
581.3813813813814,83.2594929741243,0,,-0.9171464664021806,-9.017637381074916,2.918291250075748
581.981981981982,106.4911705356115,1,1.0,-2.185115238898368,-9.91609051220004,2.769964194024485
582.5825825825825,97.56216868895905,1,1.0,0.40850510472024193,-9.184526484664625,2.8845873857051383
583.1831831831832,82.61260818099008,0,0.0,3.5237379401707,-11.179034298851374,2.758542995216315
583.7837837837837,81.35380364823405,0,0.0,-2.897786091481192,-9.770815772096146,2.847495306140535
584.3843843843844,89.8436059732181,0,0.0,-0.8744728222031823,-8.383224478066492,2.6291251511121665
584.984984984985,108.8882968087232,1,1.0,1.7425611315393192,-10.435916544060289,2.6645102930168507
585.5855855855856,88.69381782012705,0,0.0,-1.3989014883281172,-11.092392203800696,2.4754826674023174
586.1861861861862,75.440235285846,0,0.0,-0.4913780829567076,-10.92527834156146,2.6388629002340265
586.7867867867868,87.28175318855718,0,0.0,-3.6761697535990026,-11.39279272076551,2.45599696150931
587.3873873873874,86.36042206380405,0,0.0,-0.8487814352520888,-11.11942613254729,2.3676655343707194
587.9879879879879,61.543682707421254,0,0.0,-2.232442910206243,-10.7382061896509,2.614432189698592
588.5885885885887,87.46648788593902,0,0.0,-0.03819291480155251,-11.80782307564675,2.577422968645461
589.1891891891892,85.26468976250337,0,0.0,0.2148868884519013,-10.422714318657881,2.6635772079552638
589.7897897897898,94.16427781403954,1,1.0,2.870281921084959,-9.573644997368836,2.392859669447631
590.3903903903904,105.37957438158733,1,1.0,-1.2972611120874629,-11.422774844548963,2.532735034809162
590.990990990991,97.89930632682912,1,1.0,-1.9513330262861444,-9.03633202254994,2.5332835102294924
591.5915915915916,83.74067331895188,0,0.0,-2.3592655714784327,-10.08691550437481,2.4840406280731924
592.1921921921921,75.20908994485362,0,0.0,-3.598179849573741,-9.61070635883782,2.2018818365749437
592.7927927927929,111.89845627091321,1,1.0,-2.357391551618343,-11.344181659253595,2.368779310741458
593.3933933933934,86.6903272437212,0,0.0,-3.7663672812813562,-9.878355718880531,2.383598550707653
593.9939939939941,86.21077548271884,0,0.0,-2.9785353930917107,-11.872815003543062,2.28404240236447
594.5945945945946,85.84113441236232,0,0.0,-0.8188372874151129,-9.940092481203353,1.8371222417523119
595.1951951951952,88.10943834078336,0,0.0,-5.604369148900865,-10.70941041705613,2.2583041185419033
595.7957957957958,84.76446832425958,0,0.0,-1.4474497731907894,-10.380351152246318,2.640480688759313
596.3963963963964,80.58241932387303,0,0.0,-1.227565478522687,-12.162984150165403,2.097717293799982
596.996996996997,80.99134764732109,0,0.0,-4.231181901609598,-11.937672605424044,1.9958452884858546
597.5975975975975,86.3019153702316,0,0.0,-8.37065912575289,-10.502005073527553,2.1878533899784336
598.1981981981983,81.39224484838633,0,0.0,-5.473147809922679,-12.105620174136416,2.1473722163426694
598.7987987987988,79.92177047927436,0,0.0,-1.7927141141075817,-10.753503922073186,2.2951489474366857
599.3993993993994,88.36435306322034,0,0.0,-4.5602784560349905,-12.644675826265374,1.7767285854959152
600.0,85.02582097163426,0,0.0,-6.639620615967356,-10.49157174948894,2.1462760505149996
600.6006006006006,102.91665605597197,1,1.0,-5.775669506536387,-12.635847512961055,2.1463866289279814
601.2012012012012,61.69386018796894,0,0.0,-3.208607867770332,-10.915962730386543,2.0281726069652897
601.8018018018017,99.47150402389273,1,1.0,-3.9187288907097573,-10.908920163053393,2.1526340378336895
602.4024024024025,101.39679351890194,1,1.0,-5.611023341650124,-12.29895081384417,2.3190751743558216
603.003003003003,68.60899563393369,0,0.0,-5.986381308021651,-11.089109096507537,2.315923784062605
603.6036036036037,86.35148773275357,0,0.0,-6.154427618438742,-11.480967927031006,1.9411212851366282
604.2042042042042,86.52922666226972,0,0.0,-7.3325113453411594,-12.351833312534454,2.362006118230957
604.8048048048048,76.66512969167917,0,0.0,-2.3723154539373397,-12.894422819447541,2.213268472740699
605.4054054054054,83.49180098867973,0,0.0,-6.3616752644054175,-13.92265438800317,2.268992593029628
606.006006006006,80.72904623895334,0,0.0,-3.3952719057592082,-11.685811357651005,2.2972461071832164
606.6066066066066,109.95970112217674,1,1.0,-2.8980941409497794,-13.676957097035736,2.280721893737064
607.2072072072071,102.43579895346332,1,1.0,-4.053820025541851,-12.094751124099506,2.5772481137086287
607.8078078078079,106.47911035753468,1,1.0,-7.021971963916732,-12.532720282195067,2.3502689811655286
608.4084084084084,101.71027468120924,1,1.0,-5.458130330402353,-11.670529249982904,2.1711766408302355
609.009009009009,83.98162469202742,0,0.0,-6.419406325337358,-12.73332797943994,2.3444180245808095
609.6096096096096,90.85747809127776,0,0.0,-8.282404694061599,-12.843538302997183,2.486863408803902
610.2102102102102,101.8824757298867,1,1.0,-5.9288254143634145,-11.86621232869226,2.724927740222057
610.8108108108108,85.71276853793282,0,0.0,-9.036719654160137,-12.348188709899096,2.6276213979553114
611.4114114114113,106.07255431932886,1,1.0,-4.402926478685076,-12.45341220220212,2.3647679577245158
612.0120120120121,97.6151561459822,1,1.0,-7.805710182005783,-12.38776604592126,3.0597379434632885
612.6126126126126,97.41762316133548,1,1.0,-6.570887871346649,-14.481201451747562,2.6434298865987103
613.2132132132133,109.49883378795661,1,1.0,-6.50190047311911,-12.278552539520796,2.8732752818348777
613.8138138138138,108.13576869673656,1,1.0,-7.680088865582648,-12.513686319695282,2.6155215355198242
614.4144144144144,101.47248400387603,1,1.0,-6.081223975443612,-14.234739770429828,2.7801460748538056
615.015015015015,118.15423996126438,1,1.0,-8.29527785767888,-13.555111736230792,2.868917788796436
615.6156156156156,97.32360800830685,1,1.0,-5.692257627237984,-13.444371552268665,2.972150498486612
616.2162162162163,115.96612504735708,1,1.0,-10.214712436340127,-13.634637553865264,2.967407845231019
616.8168168168168,117.5142374634403,1,1.0,-7.356410469297524,-13.262385766701199,2.9577289312508577
617.4174174174175,110.37278271221727,1,1.0,-3.816240463256177,-12.261997167743242,2.747557816412521
618.018018018018,118.72770317830901,1,1.0,-9.778198864444297,-12.709713323894725,2.7234394414872765
618.6186186186186,105.07086167284798,1,1.0,-9.214969530443794,-15.202797707977174,2.9314490728815024
619.2192192192192,129.05959956234895,1,1.0,-6.912109643073966,-13.368573668062712,3.078615124469728
619.8198198198198,120.33332402510065,1,1.0,-7.659706728125261,-12.762726330405005,2.874427918665028
620.4204204204204,119.44751182584314,1,1.0,-7.395051116830927,-13.806801985024729,3.158907208869383
621.0210210210209,137.78997848448543,1,1.0,-7.193871088854619,-13.205499669035014,3.2632127355503457
621.6216216216217,123.01732762430171,1,1.0,-6.977226452446491,-12.387981692923269,2.8161552004114876
622.2222222222222,118.87531850876091,1,1.0,-6.100180808707105,-13.48120067318495,2.8586762892177484
622.8228228228229,120.43316572907268,1,1.0,-7.571338460270536,-14.361129180756107,3.024535140772922
623.4234234234234,145.24097623546783,1,1.0,-8.943367719122099,-13.671729638454725,3.1405887225714455
624.024024024024,129.70084220147407,1,1.0,-7.184060233351044,-14.679146562284322,3.000512781677338
624.6246246246246,163.52048457533718,1,1.0,-4.796274877999125,-14.90816661703231,3.4021283286817363
625.2252252252252,128.7634249850694,1,1.0,-8.9266105950868,-15.392321048869835,3.2426620492896734
625.8258258258259,170.2991159901377,1,1.0,-10.674176725426026,-13.587115273993003,3.191795917896469
626.4264264264264,159.3363274967816,1,,-6.573199927733554,-16.079346440037565,2.9226770626782357
627.0270270270271,160.28768228799697,1,,-9.08883241872224,-13.839689045648882,2.9725405814464736
627.6276276276276,159.9677823065484,1,,-13.252581280154477,-14.984063912490672,3.3176403898640032
628.2282282282283,173.69954734218487,1,1.0,-7.270031863248597,-16.995820045455734,2.86054193695601
628.8288288288288,173.74674843726692,1,1.0,-10.09162327118139,-15.342147166385308,3.515096513299525
629.4294294294294,189.68843157721264,1,1.0,-9.256581579068019,-17.923784385586938,3.3063294081807633
630.03003003003,184.44018156522642,1,1.0,-8.464556744190302,-15.312872077624231,4.011850833253577
630.6306306306307,189.545405626299,1,1.0,-8.798972615686521,-15.1684134895166,3.849966219025117
631.2312312312313,189.24360447259122,1,1.0,-7.810973054523503,-16.761890229620366,3.3771203133995495
631.8318318318318,197.23038781540174,1,1.0,-10.149202313039956,-16.162481965968734,3.4170440863601645
632.4324324324325,205.86975642779862,2,2.0,-8.298817115476002,-14.448955269804348,3.6622011342413074
633.033033033033,190.74182562032522,1,1.0,-9.889365612502582,-17.026511577319095,3.828362478036773
633.6336336336336,199.46053574503915,1,1.0,-7.936337456929646,-17.697875141634427,3.184632855886769
634.2342342342342,225.50743180959822,2,2.0,-8.225350499802472,-15.276038642693686,3.1793396907884035
634.8348348348349,224.93500640296588,2,2.0,-11.367529142360743,-14.914362367154297,3.436447174833858
635.4354354354355,226.54216883643895,2,2.0,-7.36369139298884,-16.992995552034643,3.701502082872926
636.036036036036,233.71036704136034,2,2.0,-10.645022476367831,-16.10544506186941,3.7082886478136645
636.6366366366367,242.1179660404075,2,2.0,-7.992854543085647,-15.896105240678368,3.8466843848915047
637.2372372372372,238.3160080363871,2,2.0,-8.908703239958102,-18.101175539372303,3.416461433386148
637.8378378378379,240.94019658348734,2,2.0,-5.999650056764827,-17.965525221516607,3.216695585819009
638.4384384384384,255.61207473476338,2,2.0,-10.154119440084514,-16.371271651867904,3.87490109734455
639.039039039039,248.70337958729988,2,2.0,-10.43542042094882,-16.039438072530658,3.5608813037166227
639.6396396396397,267.2885143032333,2,2.0,-9.803653511373033,-17.284237732374738,3.3458916187410908
640.2402402402403,250.76674419929563,2,2.0,-10.39762834497196,-18.84993983323443,3.8015148542097483
640.8408408408409,282.52091240873733,2,2.0,-8.216265417476404,-16.106392437969912,3.9538923968165154
641.4414414414414,281.22502318749827,2,,-13.07207585843735,-18.748054186232192,3.7934412023663873
642.0420420420421,283.14507357971166,2,,-11.968548956306178,-18.676132915484313,3.7487165255634856
642.6426426426426,294.29707182507605,2,,-12.01694263430599,-18.1228316465482,3.830683538100547
643.2432432432432,304.7941929117343,2,2.0,-7.999296679832833,-17.035426260036026,3.810543439406769
643.8438438438438,301.72131441570804,2,2.0,-6.495681855965876,-17.860251070629072,3.636986835145117
644.4444444444445,276.3617399123523,2,2.0,-10.14122476792567,-18.42420535838578,3.7854266936615293
645.0450450450451,284.9090610022007,2,2.0,-10.283807889438279,-18.500809831559483,4.054213750163702
645.6456456456456,294.1203029084906,2,2.0,-9.81831806412673,-19.045775104490115,4.035714864082864
646.2462462462463,303.0113424270769,2,2.0,-7.645343082626795,-18.656485769824798,4.0262370436102035
646.8468468468468,310.0174576122006,3,3.0,-11.83290218154392,-21.869645141428087,3.8146639616520313
647.4474474474475,299.37387177620553,2,2.0,-9.50897274101963,-19.76225671913922,3.9982823750168643
648.048048048048,309.98231623658575,3,3.0,-8.041248510992189,-19.349976070676092,3.619878262162769
648.6486486486486,301.7313738456663,2,2.0,-8.993806530790263,-20.868025502788324,4.111511939709716
649.2492492492493,304.02359090884596,2,2.0,-9.61960060151239,-19.45644629161802,4.3819287286198145
649.8498498498499,296.6060392599024,2,2.0,-7.997858368009615,-20.173023898908752,3.821484775029436
650.4504504504505,301.6533493938559,2,2.0,-15.406019565027034,-18.338865023943463,4.019091321629523
651.051051051051,297.2613923087732,2,2.0,-8.641826488949933,-18.647094114047412,4.22187373034764
651.6516516516517,300.5934984219452,2,2.0,-11.302168444586862,-20.81165769723632,4.426204523166687
652.2522522522522,320.1475100507748,3,3.0,-13.650140764528466,-20.622373405089743,4.105381055045003
652.8528528528528,299.0657591334324,2,2.0,-8.959745809820598,-20.671092214440474,4.075770529043837
653.4534534534534,333.52840016079296,3,3.0,-7.226528368153317,-21.174318595365484,3.8394335091820384
654.0540540540541,310.4865501381759,3,3.0,-10.238855677442642,-20.653034260726965,4.272704541619792
654.6546546546547,305.4636110272189,2,2.0,-8.04674187468489,-21.731607252570605,4.679030464043723
655.2552552552552,292.81703534666707,2,2.0,-6.714886358843607,-22.229052450362524,4.344483195507515
655.8558558558559,305.9241474317208,2,2.0,-7.294985974357759,-20.60066401988429,4.302748223886207
656.4564564564564,290.4328657886467,2,2.0,-6.628678509107674,-20.718590215844028,4.389607648792201
657.0570570570571,294.43898876637246,2,2.0,-8.406566592769526,-22.27696680586139,4.3407530021480305
657.6576576576576,315.62542500765653,3,3.0,-9.72059032847819,-20.70159384711289,4.1979402116627424
658.2582582582583,285.6610946335537,2,2.0,-13.054448051736511,-22.352572556807008,4.542560655360592
658.8588588588589,294.5190267377551,2,2.0,-10.320123844533407,-21.591602829996937,4.440206920645568
659.4594594594595,272.2232379166813,2,2.0,-11.490399008643031,-21.14790540206458,4.415514041487551
660.0600600600601,274.9750019686448,2,,-5.436352795215474,-22.125031894079378,4.23364028456658
660.6606606606606,288.96134648813864,2,,-10.102768745081645,-21.75951741107444,4.705921010845738
661.2612612612613,260.78829089218755,2,,-9.475773952045735,-22.853176603530088,4.594448274387883
661.8618618618618,280.8809260960901,2,,-8.588827954111615,-22.6553324409666,4.366992775417167
662.4624624624626,265.44396203143793,2,2.0,-9.572638851150487,-22.786455125168832,4.693790617683468
663.063063063063,248.2808306338793,2,3.0,-6.236217861915765,-23.44849555537806,4.409538259220286
663.6636636636637,255.71497429656338,2,2.0,-10.836527352420246,-22.999585367855484,4.368055193397941
664.2642642642643,254.5651298981398,2,2.0,-9.165356280062944,-24.49187685205656,4.387694047494124
664.8648648648649,246.48617391937663,2,2.0,-11.00129024900322,-23.554393943209924,4.200373702582314
665.4654654654655,219.9901021540305,2,2.0,-12.116608824567818,-23.467612642292753,4.663621263763678
666.066066066066,223.8564194326818,2,2.0,-10.65875511970641,-23.557910256503735,4.217580508150021
666.6666666666667,224.11391633559364,2,2.0,-9.466383714585149,-23.661698879127457,4.352387445100162
667.2672672672672,221.34591034923162,2,2.0,-10.206449496218934,-23.5998953911235,4.196994098679674
667.8678678678679,223.85110087373616,2,2.0,-10.686665436652826,-23.17605960016612,4.608700763475259
668.4684684684685,215.04083625287518,2,2.0,-12.066882157486058,-22.89777556889516,4.609419895394913
669.0690690690691,195.60657436984212,1,1.0,-9.371329334144459,-24.53825251276213,4.587479106389059
669.6696696696697,208.54545461518643,2,2.0,-12.163879044616465,-25.207267517067184,4.457401061022951
670.2702702702702,206.72964484502157,2,2.0,-7.582097630528252,-25.16105689468302,4.444330823761376
670.8708708708709,202.20749583924174,2,2.0,-8.883554533108178,-24.720509481760267,4.784274100536257
671.4714714714714,203.51638289358254,2,0.0,-11.908216865911236,-24.698852129360453,4.593672750296135
672.0720720720722,197.26670041797584,1,0.0,-9.554669384339837,-25.229863323048214,4.779197163055019
672.6726726726727,189.8639016894796,1,1.0,-10.38216118927052,-25.86821469104067,4.55077639621682
673.2732732732733,181.04566254380978,1,1.0,-8.179558599953525,-25.139726190800786,4.775696530073165
673.8738738738739,161.7475050206002,1,1.0,-6.075530437399699,-24.61294500277411,5.011553612851252
674.4744744744745,179.40077641885944,1,1.0,-12.443766875183103,-24.30934981332863,4.879300349237146
675.0750750750751,174.06890925145524,1,1.0,-8.398829774319365,-25.571033978984364,4.690507775088628
675.6756756756756,171.7366924139609,1,1.0,-8.883079463779312,-25.535047101674568,4.835106875960712
676.2762762762763,153.424442862771,1,1.0,-7.152540216564419,-26.156375491005317,4.74596283347352
676.8768768768768,152.69454952203427,1,1.0,-7.999710840417471,-25.36791677439599,4.805852006940397
677.4774774774775,171.49133747733254,1,1.0,-9.85940645246363,-26.2908622805066,4.749084270258796
678.0780780780781,158.15919201758516,1,,-8.921422111264075,-24.97440073059996,4.7910194754114315
678.6786786786787,163.10309658804383,1,,-9.801698017538456,-27.43761215958804,4.875733886757321
679.2792792792793,154.44069157601322,1,,-5.9824526178999875,-26.114698200151352,4.643820000244898
679.8798798798798,152.4577622395749,1,1.0,-8.015155689983185,-25.556373436226647,4.648239506502339
680.4804804804805,159.67580337117215,1,1.0,-4.177204242686529,-25.775131690016458,4.582376506366045
681.081081081081,143.3917957216225,1,1.0,-8.021211496446439,-23.366475098654977,4.54844598331701
681.6816816816818,147.895378847325,1,1.0,-9.235508437575472,-25.809292511103873,4.633203545729852
682.2822822822823,140.8118779185021,1,1.0,-10.763432716088909,-27.261756365360064,4.916456432102201
682.8828828828829,139.7043322930943,1,1.0,-11.258099573692036,-26.450785105532898,4.7136535373500745
683.4834834834835,139.68194958614077,1,1.0,-10.734418990801695,-28.22818069285338,5.002323625520343
684.0840840840841,143.82448453344387,1,1.0,-6.944734668674564,-26.628126733694096,4.9136750994589615
684.6846846846847,135.74554267263093,1,1.0,-6.372896220226185,-27.47513966505689,4.519904414123518
685.2852852852852,152.11614143007426,1,1.0,-10.462606903252567,-25.820198993308495,5.051213959112346
685.885885885886,129.7289826545459,1,1.0,-5.418552604991949,-27.37756944622742,5.088732246563858
686.4864864864865,136.00901817703104,1,1.0,-8.081683195227257,-27.036154605570704,4.733893181876088
687.0870870870871,132.76463947765734,1,1.0,-6.7274387328960366,-27.64521120908037,5.022536206722347
687.6876876876877,150.99289465160516,1,,-3.7005827112616476,-25.359957571090952,4.772768894778839
688.2882882882883,137.92229842117325,1,,-5.033883890383477,-27.508084014803284,4.96891122873678
688.8888888888889,145.77694543506757,1,,-7.265705571022632,-25.44117937225128,4.701523577645631
689.4894894894894,120.16855147186521,1,,-8.410657590837358,-26.545328912722756,4.600585119580228
690.0900900900901,137.32017264092505,1,1.0,-10.83008388957795,-26.961993731548798,4.8871627428979405
690.6906906906906,143.22748333907205,1,1.0,-7.861494782166283,-27.158729237662016,4.943236379705513
691.2912912912914,134.8878319430545,1,1.0,-6.740742872837242,-27.215875958400417,4.892438056985374
691.8918918918919,144.50244458849252,1,1.0,-8.186699037606253,-29.618352645088766,4.738895194132119
692.4924924924925,128.5029671180275,1,1.0,-6.367279040945979,-28.049353388973632,4.899183954994875
693.0930930930931,147.6400449263734,1,1.0,-5.842058255015194,-27.003872447679722,5.036220022985964
693.6936936936937,156.44594701257574,1,1.0,-6.335047001308728,-27.975246090890945,4.976314330326291
694.2942942942943,129.77604668871493,1,1.0,-7.073493686888011,-29.407603073343896,5.024459304237156
694.8948948948948,128.93157002002897,1,1.0,-5.322917563997912,-28.12961579131553,4.8563362803802566
695.4954954954956,147.93515741711352,1,1.0,-4.661673366955422,-26.446625898607127,5.226836972726732
696.0960960960961,149.2423988233382,1,1.0,-7.610274490746881,-26.976070100453367,4.759126448803483
696.6966966966967,128.29241805386096,1,1.0,-2.490131749492251,-28.355895124616854,5.093474392646713
697.2972972972973,129.42103321388566,1,1.0,-5.390296097225712,-27.412058812599668,5.233675117206037
697.8978978978979,130.93328373339054,1,1.0,-5.035151763436455,-28.79830874423027,5.094546312036987
698.4984984984985,120.46023946311213,1,1.0,-3.534765949996042,-30.20263279873357,4.9586607773982
699.099099099099,124.89650485560531,1,1.0,-4.36172374407811,-29.48884194706301,4.894040205967651
699.6996996996997,124.24407782199174,1,1.0,-2.7974662388775844,-27.065746814351105,5.207184153636393
700.3003003003003,126.83390657157183,1,1.0,-4.003701887990957,-28.965522997849284,4.7153716383748066
700.900900900901,134.4153574792987,1,1.0,-5.675667866850109,-28.996432986153145,4.805674763224318
701.5015015015015,137.37883473170373,1,1.0,-3.5992661838153133,-29.113021317372944,4.919654069712822
702.1021021021021,150.8407975517429,1,1.0,-6.4798480669183665,-26.967786154513032,5.245895444989607
702.7027027027027,125.67668658582959,1,1.0,-3.8440460977794224,-27.303299666133615,5.0732504258222235
703.3033033033033,145.85415723489075,1,1.0,-3.9950479778010215,-26.766401327750536,4.802353181527321
703.9039039039039,134.24920334865482,1,1.0,-4.210902072777813,-29.198728045020204,4.932299575037458
704.5045045045044,136.3014833356662,1,1.0,-3.9164869148798735,-28.797129289391787,4.869628760964241
705.1051051051052,143.98186884582665,1,1.0,-7.286522039204359,-30.66102854387244,4.848401522024396
705.7057057057057,126.47642289966072,1,1.0,-4.482359745394625,-27.71763688778378,5.183737009828669
706.3063063063064,142.03225111131292,1,1.0,-3.0599854903455364,-30.411081347041012,4.710944310498098
706.9069069069069,140.41408614580658,1,1.0,-2.785412760114456,-29.073794165780996,5.304117243616693
707.5075075075075,144.25497578195893,1,1.0,-5.018616525986497,-30.433670163741304,5.1448097054580275
708.1081081081081,142.84535281030603,1,1.0,-0.28868732255410867,-29.96955509570035,5.1938736398973715
708.7087087087087,165.17521273678938,1,1.0,-4.407991184145222,-30.260787046392885,4.879386093303244
709.3093093093094,134.96195204968376,1,1.0,-0.5909730078958617,-30.07274515802434,4.937994025144659
709.9099099099099,136.79858136461152,1,1.0,-1.528457809886397,-30.043840276150092,4.677095817915593
710.5105105105106,136.70206623667187,1,1.0,-3.52697929799439,-30.091330132212562,4.854273928673784
711.1111111111111,138.26319520889513,1,1.0,1.4656940750172631,-28.74656121137458,5.053154228565255
711.7117117117117,138.39219426187265,1,1.0,-4.32133521048922,-30.72007589553377,5.208589765743393
712.3123123123123,157.6721267471837,1,1.0,0.056376190722246644,-29.42846825993352,4.722637178900189
712.9129129129129,161.07503493242132,1,1.0,0.37261907948218465,-28.463320376715625,4.865396710746297
713.5135135135135,142.32716064885443,1,1.0,-2.8151482330169015,-30.225213887217155,4.902405872796555
714.1141141141142,140.95686910968837,1,1.0,1.4669055517901097,-30.45913769513496,4.64741467700702
714.7147147147148,155.3262025416043,1,1.0,-1.6609964525375633,-29.999403378795172,5.038488690619689
715.3153153153153,146.51196416861734,1,1.0,-0.4251618966243561,-28.615267785450452,4.768807190462608
715.9159159159159,159.88091476553677,1,1.0,-0.32232483040656135,-29.625449762021706,4.867654279473044
716.5165165165165,157.19820384445208,1,1.0,-0.9507852771650531,-30.37378235894128,4.809210858291749
717.1171171171171,141.73356215343438,1,1.0,1.1014631714584544,-29.380144715769102,4.734343339304518
717.7177177177177,174.19733424960597,1,1.0,1.230045782380862,-30.98620605617115,4.883154933645266
718.3183183183183,178.62606262222846,1,1.0,-3.6895730489083385,-29.220883024469035,4.833538168460344
718.918918918919,156.6024389140016,1,1.0,2.5817882756473223,-29.510397044887,4.794128627762022
719.5195195195196,161.0384890969941,1,1.0,-3.1850715091934534,-30.242005178316987,4.71439269279622
720.1201201201201,170.08532324246318,1,1.0,2.3729907388589293,-30.786402993273082,4.915320206056926
720.7207207207207,173.01192983318464,1,1.0,2.7304690083615846,-30.8465445826745,5.173215193859749
721.3213213213213,178.82621261620702,1,1.0,-1.534545871499517,-29.43551686144099,4.861292662710313
721.9219219219219,195.05171993045343,1,1.0,-0.002752220796732874,-28.75024664779337,5.023110159570735
722.5225225225225,176.02692696923253,1,2.0,-1.2198892873877787,-30.62384885779336,4.536162095657807
723.1231231231232,172.79978476495273,1,1.0,0.735469182439122,-29.53388821840931,4.835828257860208
723.7237237237238,170.11680736999304,1,1.0,0.7241744923171743,-32.08345469522437,4.574622204585349
724.3243243243244,179.869464290442,1,1.0,3.075629647297654,-30.58361644832469,4.488282096383149
724.9249249249249,190.25775792728632,1,1.0,4.314118336779022,-30.031046571156875,4.625116257240118
725.5255255255255,212.08563193644957,2,3.0,4.663180458352549,-30.909077698984774,5.0004470560413035
726.1261261261261,192.65423758960026,1,1.0,0.926901452748673,-30.93372511749348,4.94090117112197
726.7267267267267,203.89551011087937,2,2.0,1.8133240068820324,-30.661240921088694,4.78808492592983
727.3273273273273,205.45453937972368,2,2.0,-0.9534799435724026,-29.69593001394632,4.421286021463682
727.927927927928,221.59370161240403,2,2.0,0.9843762476563744,-30.16853273878784,4.676669368470204
728.5285285285286,239.19506280562874,2,2.0,4.7096236119847905,-32.2109366270533,4.764123138418182
729.1291291291292,212.95217409751115,2,2.0,6.195966712589285,-32.08332925962061,4.726507373742664
729.7297297297297,217.8139899870864,2,1.0,0.6820534826040183,-30.55784163235984,4.310018857752557
730.3303303303303,237.70221181362987,2,2.0,2.15283495439931,-29.48006269400069,4.487853030353094
730.9309309309309,238.72777747094827,2,2.0,3.4730188928874224,-32.67045451927337,4.640002796196592
731.5315315315315,255.1106339878577,2,2.0,4.275266906871652,-30.40631016184595,4.746742169352728
732.1321321321321,247.29344275388036,2,2.0,2.2858914992850607,-30.41489065415178,4.18668913781345
732.7327327327328,242.7362923837751,2,2.0,4.944406823432396,-28.480803172323153,4.579686905399413
733.3333333333334,257.1629329503973,2,2.0,3.3408169183965835,-30.233099341834947,4.626685965329108
733.933933933934,267.3095324518865,2,2.0,4.45281902811894,-29.442466884485352,4.753731881520935
734.5345345345345,269.41839490658805,2,2.0,5.768529458934534,-29.660022407134303,4.707884304527528
735.1351351351351,271.2876360349314,2,2.0,4.884044647796154,-31.906118869284064,4.671101676961697
735.7357357357357,281.8778154556537,2,2.0,4.194661501418183,-28.980071250113607,4.379646569649795
736.3363363363363,287.87904642745303,2,2.0,5.045433115499696,-29.504065589066055,4.142855464475492
736.936936936937,294.94502582306126,2,2.0,5.286124710922839,-29.18083919268691,4.430441875485049
737.5375375375376,292.4932411700776,2,2.0,4.9219971004670295,-25.730982776717227,4.693752011988793
738.1381381381382,289.14572440843494,2,2.0,5.344558312128728,-31.707918031864928,4.7562678483955185
738.7387387387388,297.0053159109783,2,2.0,9.260530885372352,-27.86417029748539,4.60361754578082
739.3393393393394,312.2173729161226,3,3.0,7.387108422377642,-29.83985909538323,4.531087589019134
739.9399399399399,296.4721563829798,2,2.0,5.877280755909466,-29.227115842428763,4.5046414196994276
740.5405405405405,312.6749870665221,3,3.0,8.066052920770513,-29.520484712505546,4.300767641748667
741.1411411411411,309.2417102141958,3,3.0,6.209330640473137,-29.858237316113858,4.369042557312494
741.7417417417417,317.47241224769647,3,3.0,9.428959089492459,-29.961369704436443,4.711718577390323
742.3423423423424,333.78573168520535,3,3.0,8.028640940607863,-29.018077831098505,4.1720314849563955
742.942942942943,326.5187603916793,3,2.0,7.282297383254027,-30.81933100495773,4.6659271610797255
743.5435435435436,328.45360202176636,3,3.0,8.600770801154855,-28.504677021695016,4.260785555740396
744.1441441441442,317.5324460251283,3,3.0,4.772901841740159,-29.623085035413894,4.572290441541966
744.7447447447447,341.4819120362967,3,3.0,5.871310042435274,-30.287137624042053,4.007648501215077
745.3453453453453,343.09648263514237,3,3.0,5.948051125274251,-29.555809893916177,4.387796096247907
745.9459459459459,360.6187458734171,3,,8.833700460032095,-27.795935778963397,4.10466288856865
746.5465465465466,337.9648551619341,3,,12.225605993797362,-29.534275592249408,3.950164699280423
747.1471471471472,344.9933191783633,3,,13.436778187132415,-28.584918513100657,4.257927403379208
747.7477477477478,346.74977150192404,3,3.0,10.464713723618345,-29.617344942239036,4.39692033602423
748.3483483483484,361.1731313196792,3,0.0,10.405557340256378,-28.070077277322582,4.006647708562496
748.948948948949,345.27191140749386,3,3.0,6.0178245203395875,-28.082705013541336,3.8562491825139364
749.5495495495495,349.52150764242856,3,3.0,8.751470168878942,-26.85843016835487,4.117907903426087
750.1501501501501,352.99491499320675,3,3.0,8.478925646543848,-28.820051500097872,4.098824135682427
750.7507507507507,348.6445416042521,3,3.0,9.031262327518764,-27.911913503798978,4.205821112568003
751.3513513513514,341.85560855300923,3,0.0,10.15591461028502,-28.417223837794175,4.265735521205537
751.951951951952,347.4840142227933,3,3.0,9.768037492523803,-27.152795307695175,4.043408235196846
752.5525525525526,355.18846715431425,3,3.0,6.974398401391307,-29.099538374661,4.405683670402853
753.1531531531532,332.7875639249421,3,3.0,12.650352148914315,-27.566413510279666,4.058540606929767
753.7537537537538,342.68160955208475,3,3.0,9.23132467676208,-28.435513857150337,3.923339781215465
754.3543543543543,332.3570003483342,3,3.0,12.078320232277852,-28.233098549037557,3.649065683987002
754.9549549549549,349.03184924159217,3,3.0,15.971735481704826,-28.003959148959073,3.8974258650977065
755.5555555555555,319.3005775160017,3,3.0,10.209263608808655,-27.768991531123763,3.8610854399773937
756.1561561561562,326.13433736211664,3,3.0,7.212630528742269,-28.061712082246405,4.098657216789448
756.7567567567568,332.4400388348492,3,3.0,11.927071137963594,-27.65376377054538,3.977156716700298
757.3573573573574,341.03494145051235,3,3.0,14.927565149465217,-26.212107798272736,3.6266821602032104
757.957957957958,321.216404602586,3,3.0,16.86959041354376,-26.725292441372034,3.8747370800821943
758.5585585585586,312.61428641711194,3,3.0,10.721720280326561,-26.760883751218387,3.9521588631364595
759.1591591591591,333.0847592748246,3,3.0,14.402807202256746,-28.003666801631866,4.10086353105035
759.7597597597597,295.731356276729,2,2.0,12.708033408810019,-28.35426271150886,3.9500028985006876
760.3603603603603,284.0103944214525,2,2.0,13.656650392032457,-26.425434758085647,3.9017585224811198
760.960960960961,306.05172750136114,2,2.0,19.387764690677514,-26.419234118692103,3.738537757232706
761.5615615615616,292.16800669830735,2,2.0,11.324297234393777,-25.736001513494877,3.780960659368815
762.1621621621622,282.41472284539446,2,2.0,15.069496963175988,-27.724903480279487,3.9298253385540223
762.7627627627628,295.0682728308718,2,2.0,15.729794418586971,-27.261595446167195,3.3898454595632836
763.3633633633634,285.7169585568527,2,2.0,17.198972652917927,-28.581542223932665,3.562842228451347
763.9639639639639,272.88613201659825,2,2.0,15.456950514531766,-27.243442010898693,3.454400179960903
764.5645645645645,260.9423129976486,2,2.0,16.111252527741513,-25.76222922304735,3.6607851899833816
765.1651651651651,277.67510699908667,2,2.0,14.946595328587115,-27.132054511051933,3.8068985710748957
765.7657657657658,270.66016076052165,2,,16.503451848436978,-25.930784057491067,3.417219926515132
766.3663663663664,258.39150214189067,2,,15.514674097221524,-26.666431922371768,3.034177793880089
766.966966966967,273.1065860869637,2,,17.680608959925074,-26.055512079309565,3.4052838070482756
767.5675675675676,239.2417432526512,2,2.0,15.935187538230391,-27.429891362772103,3.645779577844389
768.1681681681682,230.0478866906535,2,2.0,17.666079153493484,-26.098627369528263,3.5458374674564075
768.7687687687687,233.81466568403064,2,2.0,17.091340625264255,-29.07563118084291,3.4990473768111694
769.3693693693693,235.7895429807298,2,2.0,19.640462958524214,-26.171087022071266,3.332384308527005
769.96996996997,234.2815664958642,2,2.0,17.524570097268263,-27.513412895723196,3.1074260920906775
770.5705705705706,225.13881376431988,2,2.0,14.320777124601143,-24.574763078456904,3.441019041380122
771.1711711711712,226.8831348126101,2,2.0,20.63064953474108,-24.900253508182573,3.1457126693637916
771.7717717717718,206.77421635123105,2,2.0,16.535776867252846,-25.106994780650354,3.7238804088630726
772.3723723723724,229.77618364891947,2,2.0,17.280604679740353,-23.9477825277769,3.3755399814785463
772.972972972973,210.69319264101546,2,2.0,17.63816208019978,-26.311962953198677,3.119574084221192
773.5735735735735,218.99550042747532,2,2.0,21.82015004200298,-23.509092328397657,3.0875819179742203
774.1741741741741,207.6928496899907,2,2.0,15.042146926661719,-24.21684133814776,3.1653176669256053
774.7747747747748,205.41409029507798,2,2.0,25.831636650836437,-25.2773508451322,3.1099482925816395
775.3753753753754,203.26497366463133,2,2.0,21.911310562119645,-23.796140471811817,3.3550545480143024
775.975975975976,198.90600510708583,1,1.0,20.489135649582632,-25.928238850432123,3.142709418379564
776.5765765765766,197.85900209055248,1,1.0,20.176724583623933,-25.535881252357854,2.9327398411519052
777.1771771771772,201.86706342182123,2,2.0,21.1018597380481,-25.20863309722582,3.4306982895851497
777.7777777777778,187.8244548564129,1,1.0,21.817610027061058,-25.01696951006864,3.035922096281056
778.3783783783784,190.37137064409146,1,1.0,22.310774826397182,-25.43178774732931,3.1531873194199553
778.978978978979,179.94235632427083,1,1.0,22.376886282221065,-23.038693056629036,2.8510440849641623
779.5795795795796,192.93297504900406,1,1.0,21.69051791521015,-24.406502211423916,3.018495941275417
780.1801801801802,169.59066351927086,1,1.0,21.362694702917626,-23.680358256482943,2.981194057048992
780.7807807807808,192.31406980554016,1,1.0,21.70116602370076,-24.487791893617672,2.5140596515822873
781.3813813813814,171.9767284506887,1,1.0,21.860553389818712,-25.62200128178449,3.2679825929087984
781.981981981982,156.26374716053098,1,1.0,24.764874058700606,-23.414696589711095,3.0959175420630025
782.5825825825826,170.16102773626662,1,1.0,23.931708009655658,-25.479781859562106,2.73113609942215
783.1831831831832,160.48880358423693,1,1.0,17.11136500059664,-23.51836938403139,2.562835583145098
783.7837837837837,174.23135099640885,1,1.0,24.551768740185533,-24.6997129862534,2.8254465069160886
784.3843843843844,157.92582969733778,1,1.0,23.877531902833766,-21.225257437610633,2.745851096018642
784.984984984985,158.7141779018625,1,1.0,23.698991921965867,-22.18179789171398,2.772157877605408
785.5855855855856,143.09653208455512,1,1.0,23.207970221264752,-22.867544575400245,2.711789705151538
786.1861861861862,156.3719814105629,1,1.0,26.482068197253664,-21.589258983085845,2.747112620096457
786.7867867867868,135.6417557720175,1,1.0,26.377959405339556,-23.578497513550403,2.9076582741134436
787.3873873873874,143.10469986733125,1,1.0,23.186433110927805,-22.06748572545081,2.704095465428848
787.987987987988,165.68408179627676,1,1.0,25.795783367037213,-22.289525110950212,2.352768860345524
788.5885885885886,165.14262449285877,1,1.0,23.288054181470457,-22.103292021583147,2.807387584016422
789.1891891891892,160.80793648039415,1,1.0,22.722008813259208,-20.97256058626897,2.8351253736632067
789.7897897897898,146.21209028880324,1,1.0,24.477866935965675,-21.389668759045296,3.109496130265066
790.3903903903904,154.78883046471265,1,,27.70631343067878,-21.710348189423033,2.2264256587938944
790.990990990991,154.66561752201258,1,,28.138160637647083,-23.530553969986688,2.4717003984048147
791.5915915915916,142.60147159901788,1,,27.50861450375211,-22.712010727798166,1.978666125869079
792.1921921921922,168.74669515101567,1,1.0,28.18330749916772,-21.750694055246672,2.4776424044112173
792.7927927927929,162.05456371708718,1,1.0,28.016273990933822,-21.41037584386273,2.229266554653866
793.3933933933934,150.67685790615258,1,1.0,25.9518750257627,-22.509477104400464,2.695459650461714
793.993993993994,152.7951212211834,1,1.0,28.34971348756857,-18.842903626224555,2.127683714979166
794.5945945945946,154.28111120483518,1,,29.337817083103655,-19.613294659037162,1.916581165833077
795.1951951951952,131.47944133565352,1,,29.496799845092465,-20.402500058129213,2.131953445606706
795.7957957957958,149.15041297316773,1,,30.617342662054,-20.807352222826875,1.8028769266364373
796.3963963963964,144.55120412552054,1,1.0,29.907491987253405,-20.966229615725187,2.3199450384528406
796.996996996997,141.12490758485188,1,1.0,29.44520877831832,-21.580451360467066,1.7284440988056577
797.5975975975977,148.11926498570588,1,1.0,31.134090661057783,-20.42546518511482,2.1188751942727864
798.1981981981982,168.71344406135825,1,1.0,29.19226529012317,-20.119526386644434,1.6693342102781163
798.7987987987988,156.96666757002407,1,1.0,27.733105983994882,-21.493313029375404,1.9925423534460776
799.3993993993994,144.68179748816794,1,1.0,29.422288739469735,-19.791609761142524,2.3569778478386
800.0,155.96692417262523,1,1.0,28.51019471038709,-20.155259048824753,2.07212957828716
